,n_gram_size,assembled_sentence,sentence
0,4,::GetPrivateProfileSection,Get Private Profile Section
1,4,::GetScriptManagerVariable,Get Script Manager Variable
2,3,::GetTokenAt,Get Token At
3,3,::JS_DefineUCProperty,JS Define UCProperty
4,5,::SetMenuItemHierarchicalID,Set Menu Item Hierarchical ID
5,3,::SetResLoad,Set Res Load
6,1,::fread,fread
7,2,AAS_Error,AAS Error
8,4,AAS_FreeAASLinkedEntities,AAS Free AASLinked Entities
9,1,ACMButton,ACMButton
10,3,AF_DEFAULT_TRACK,AF DEFAULT TRACK
11,5,AND_EXP_AST__LINE_START,AND EXP AST LINE START
12,3,APPCOMMAND_BROWSER_REFRESH,APPCOMMAND BROWSER REFRESH
13,4,APR_FILEPATH_ENCODING_LOCALE,APR FILEPATH ENCODING LOCALE
14,3,APR_POLLSET_THREADSAFE,APR POLLSET THREADSAFE
15,4,APR_WIN_CE_3,APR WIN CE 3
16,4,APR_XML_ERROR_EXPAT,APR XML ERROR EXPAT
17,9,ARB_shader_objects_glUniform3fARB_pointer,ARB shader objects gl Uniform 3 f ARB pointer
18,5,ART_UTA_BBOX_Y0,ART UTA BBOX Y 0
19,2,ASTRewrite.TYPE,ASTRewrite TYPE
20,1,ASTView,ASTView
21,3,AST_CDR_DOCUMENTATION,AST CDR DOCUMENTATION
22,3,AST_FEATURE_DISCONNECT,AST FEATURE DISCONNECT
23,3,AST_LOCK_FAILURE,AST LOCK FAILURE
24,3,AST_RTP_MAX,AST RTP MAX
25,3,ATK_ROLE_MENU,ATK ROLE MENU
26,5,AUTOMATIC_DATABASE_MEMORY_URL.equals,AUTOMATIC DATABASE MEMORY URL equals
27,3,A_RFC931,A RFC 931
28,5,ArrayToArrayInfoMap,Array To Array Info Map
29,3,AtkCoordType,Atk Coord Type
30,3,AtkTextIface,Atk Text Iface
31,3,BARCODE_NO_ASCII,BARCODE NO ASCII
32,3,BIT5_H,BIT 5 H
33,5,BOTLIB_AI_ALLOC_CHAT_STATE,BOTLIB AI ALLOC CHAT STATE
34,2,BSD_REGEX,BSD REGEX
35,2,BS_PUSHBUTTON,BS PUSHBUTTON
36,2,BZipUncompress,BZip Uncompress
37,2,BaseExc,Base Exc
38,4,BlastBin2Csv,Blast Bin 2 Csv
39,3,BlockRowPixels,Block Row Pixels
40,2,BooleanECD,Boolean ECD
41,6,BugBaseQuery.QUERY_UPDATE_BUGREPORTS,Bug Base Query QUERY UPDATE BUGREPORTS
42,3,BulletinConstants.TAGSTATUS,Bulletin Constants TAGSTATUS
43,2,CAInfo.SELFSIGNED,CAInfo SELFSIGNED
44,2,CBM_INIT,CBM INIT
45,3,CBuilderXProjectWriter,CBuilder XProject Writer
46,2,CCLASS_UPPER,CCLASS UPPER
47,2,CDSC_PSADOBE,CDSC PSADOBE
48,2,CELLTYPE_BODY,CELLTYPE BODY
49,5,CERT_DecodeCertificatePoliciesExtension,CERT Decode Certificate Policies Extension
50,4,CERT_SaveSMimeProfile,CERT Save SMime Profile
51,3,CFArrayCreateMutable,CFArray Create Mutable
52,1,CFPAnalyser,CFPAnalyser
53,3,CFriendListCtrl,CFriend List Ctrl
54,4,CGConstants.MAX_CARDINALITY_COLOR,CGConstants MAX CARDINALITY COLOR
55,3,CHAR_DIAPRE_DECIMALE,CHAR DIAPRE DECIMALE
56,4,CHECK_SERVICE_USE_OK,CHECK SERVICE USE OK
57,1,CHOICEHELP,CHOICEHELP
58,3,CHROME_DIR_NAME,CHROME DIR NAME
59,3,CHU_ERR_ERROR,CHU ERR ERROR
60,2,CI_SIGNATURE,CI SIGNATURE
61,4,CKM_SHA384_HMAC,CKM SHA 384 HMAC
62,4,CK_C_INITIALIZE_ARGS,CK C INITIALIZE ARGS
63,3,CLASSTYPE_FRIEND_CLASSES,CLASSTYPE FRIEND CLASSES
64,2,CLIENT_SSL,CLIENT SSL
65,3,CLIENT_THREADS_MIN,CLIENT THREADS MIN
66,2,CLabelTab,CLabel Tab
67,3,CM_BoundBrush,CM Bound Brush
68,4,CNumPad.FUNC_CLR,CNum Pad FUNC CLR
69,4,CODE_null_unit_attr,CODE null unit attr
70,6,COLLECTION_COMPLEX_TYPE_AST__PCOLLECTION_KEY,COLLECTION COMPLEX TYPE AST PCOLLECTION KEY
71,2,COMPUTIME_FORMAT,COMPUTIME FORMAT
72,2,CONTINUE_PREV,CONTINUE PREV
73,3,CONV_OLD_CONVERT,CONV OLD CONVERT
74,4,CPU_features.i387,CPU features i 387
75,8,CRMF_CertReqMsgSetKeyEnciphermentPOP,CRMF Cert Req Msg Set Key Encipherment POP
76,3,CSS_PROP_XUL,CSS PROP XUL
77,3,CSS_STATE_DELETED,CSS STATE DELETED
78,2,CSearchDlg,CSearch Dlg
79,4,CSimpleKnownFileArray,CSimple Known File Array
80,2,CStyleToken,CStyle Token
81,1,CWColormap,CWColormap
82,4,CalcDiffInTotals,Calc Diff In Totals
83,4,CalcHorCornerOffset,Calc Hor Corner Offset
84,3,Cam_MouseDown,Cam Mouse Down
85,1,Cbcalc,Cbcalc
86,5,CdlPackage.VARIABLE__SEMANTIC_ANNOTATIONS,Cdl Package VARIABLE SEMANTIC ANNOTATIONS
87,2,CharImpl,Char Impl
88,5,ChildLocalHome.JNDI_NAME,Child Local Home JNDI NAME
89,4,ChildParentChooserWindow,Child Parent Chooser Window
90,3,ChildrenHashOps,Children Hash Ops
91,4,ClassDescriptor.OOS_ARGS,Class Descriptor OOS ARGS
92,5,ClassType.ANNOTATION_TYPE_DECL,Class Type ANNOTATION TYPE DECL
93,3,CommonMainRoutine,Common Main Routine
94,4,ComponentBinderImplTest,Component Binder Impl Test
95,6,ConfigParser.QUERY_CACHE_MAX_QUERIES,Config Parser QUERY CACHE MAX QUERIES
96,4,Console_IO.str_emph,Console IO str emph
97,5,Constants.ATTR_CLASS_VALUE_SOURCE,Constants ATTR CLASS VALUE SOURCE
98,2,Constants.FSWP,Constants FSWP
99,4,Constants.JUNIT_DOUBLE_PRECISION,Constants JUNIT DOUBLE PRECISION
100,3,Constants.amountOf,Constants amount Of
101,3,ConstructAttributeTable,Construct Attribute Table
102,3,CountRectProc,Count Rect Proc
103,2,Crawler.WEB,Crawler WEB
104,6,CreateImapManageMailAccountUrl,Create Imap Manage Mail Account Url
105,2,CreateSVGTransform,Create SVGTransform
106,2,DAlarmFields,DAlarm Fields
107,3,DB_VERB_CHKPOINT,DB VERB CHKPOINT
108,2,DCF_M,DCF M
109,2,DC_COMMENT,DC COMMENT
110,2,DC_OPEN,DC OPEN
111,3,DECL_FIELD_SIZE,DECL FIELD SIZE
112,4,DICT_POOL_PER_VARYING,DICT POOL PER VARYING
113,2,DIRECTION_NOTSET,DIRECTION NOTSET
114,3,DJP_NEXT_STRUCTP,DJP NEXT STRUCTP
115,1,DKGREEN,DKGREEN
116,3,DLG_ADVANCED_SETTINGS,DLG ADVANCED SETTINGS
117,1,DLList,DLList
118,5,DPR_OUTPUT_URL_PARAMETER_NAME,DPR OUTPUT URL PARAMETER NAME
119,2,DRIVE_REMOVABLE,DRIVE REMOVABLE
120,2,DT_DEBUG,DT DEBUG
121,4,DYN_ANY_FACTORY_NAME,DYN ANY FACTORY NAME
122,4,Db_h_hash_callback,Db h hash callback
123,2,DecimateConfig,Decimate Config
124,3,DefNodeWidth,Def Node Width
125,5,DeleteModalityLanguageSupportAction,Delete Modality Language Support Action
126,2,DenoiseFFTWindow,Denoise FFTWindow
127,3,DestroyFlushEvent,Destroy Flush Event
128,3,DestroyOidSequence,Destroy Oid Sequence
129,4,DialerCommand.CLT_UNBLOCK,Dialer Command CLT UNBLOCK
130,6,DjentelParserEngineTreeConstants.JJTINDENT,Djentel Parser Engine Tree Constants JJTINDENT
131,2,DoHooks,Do Hooks
132,5,DropDownListSpriteCO,Drop Down List Sprite CO
133,3,DublinCoreExtension,Dublin Core Extension
134,3,DummyListUI,Dummy List UI
135,1,EAGAIN,EAGAIN
136,1,ECField,ECField
137,3,EC_group_fp,EC group fp
138,2,EF_LOST,EF LOST
139,3,EL3RST,EL 3 RST
140,1,ENVVERB,ENVVERB
141,1,EOPNOTSUPP,EOPNOTSUPP
142,3,ER_ILLEGAL_REFERENCE,ER ILLEGAL REFERENCE
143,5,ESR_NORMAL_FONT_SIZE_DEFAULT,ESR NORMAL FONT SIZE DEFAULT
144,2,ESTRANGELO_SYRIAC,ESTRANGELO SYRIAC
145,4,EUCKR_TYPICAL_DISTRIBUTION_RATIO,EUCKR TYPICAL DISTRIBUTION RATIO
146,3,EUDORAIMPORT_ADDRESS_BADSOURCEFILE,EUDORAIMPORT ADDRESS BADSOURCEFILE
147,5,EncodeABC.value.const_refs,Encode ABC value const refs
148,3,Enum.INT_ABOVE,Enum INT ABOVE
149,2,ErrTimeout,Err Timeout
150,3,ExportXMIReferenceProvider,Export XMIReference Provider
151,3,FC_USERID_HINT,FC USERID HINT
152,5,FFECOM_f2ccodeCHAR,FFECOM f 2 ccode CHAR
153,3,FFEEXPR_percentVAL_,FFEEXPR percent VAL
154,3,FFESTR_firstCALL,FFESTR first CALL
155,3,FFESTR_genioSIZE,FFESTR genio SIZE
156,3,FF_LOSS_COLORSPACE,FF LOSS COLORSPACE
157,7,FORMATTER_BRACE_POSITION_FOR_ANNOTATION_TYPE_DECLARATION,FORMATTER BRACE POSITION FOR ANNOTATION TYPE DECLARATION
158,3,FORM_DATAOBJECT_CONSTRUCTOR,FORM DATAOBJECT CONSTRUCTOR
159,2,FPUL_REGS,FPUL REGS
160,4,FSMultipartFormDataReader,FSMultipart Form Data Reader
161,3,FT_New_Stream,FT New Stream
162,3,FT_Outline_Oblique,FT Outline Oblique
163,3,FX_SPELL_PARALYZE,FX SPELL PARALYZE
164,2,FileActivator,File Activator
165,6,FileMgrConstants.VMODULE_ACTION_SAVE,File Mgr Constants VMODULE ACTION SAVE
166,5,FlowchartDiagramEditorPlugin.ID,Flowchart Diagram Editor Plugin ID
167,4,ForrestManager.COMMAND_BUILD,Forrest Manager COMMAND BUILD
168,6,GC_push_all_stack_partially_eager,GC push all stack partially eager
169,4,GC_register_disappearing_link,GC register disappearing link
170,5,GConfClientGetDefaultType,GConf Client Get Default Type
171,1,GFXBYTESPERPIXEL,GFXBYTESPERPIXEL
172,3,GGGPP_CDMA2000,GGGPP CDMA 2000
173,2,GL_COLOR,GL COLOR
174,4,GL_COLOR_BUFFER_BIT,GL COLOR BUFFER BIT
175,2,GSN_FSAPPENDCONF,GSN FSAPPENDCONF
176,2,GSN_FSAPPENDREQ,GSN FSAPPENDREQ
177,3,GSN_LQH_TRANSCONF,GSN LQH TRANSCONF
178,3,GSN_LQH_TRANSREQ,GSN LQH TRANSREQ
179,5,GTK_MOZ_EMBED_FLAG_TOOLBARON,GTK MOZ EMBED FLAG TOOLBARON
180,4,G_DATE_BAD_MONTH,G DATE BAD MONTH
181,3,GenModFigure,Gen Mod Figure
182,4,GetAtkSignalName,Get Atk Signal Name
183,5,GetAudioSamplesPerSec,Get Audio Samples Per Sec
184,5,GetCapabilitiesKvpRequestReader,Get Capabilities Kvp Request Reader
185,3,GetFirstEv,Get First Ev
186,4,GetHighestInlineParent,Get Highest Inline Parent
187,4,GetMinRowHeight,Get Min Row Height
188,5,GetNormalizedPathSegList,Get Normalized Path Seg List
189,5,GetOfflineOpForKey,Get Offline Op For Key
190,2,GetRuntime,Get Runtime
191,4,GetUpData_MLDONKEY,Get Up Data MLDONKEY
192,3,GetWSIsEnabled,Get WSIs Enabled
193,3,GtkStateType,Gtk State Type
194,1,Gvp,Gvp
195,4,HAVE_DECL_SYS_SIGLIST,HAVE DECL SYS SIGLIST
196,3,HAVE_trunctfdf2,HAVE trunctfdf 2
197,2,HF_LAMBDAFN,HF LAMBDAFN
198,2,HITField.Description,HITField Description
199,3,HSoundsPreferencePanel,HSounds Preference Panel
200,3,HZ_STATE_GB,HZ STATE GB
201,4,HandleUnregisterURLEchoEvent,Handle Unregister URLEcho Event
202,2,HistogramConfig,Histogram Config
203,4,IAX_IE_CALLED_CONTEXT,IAX IE CALLED CONTEXT
204,2,IActionProvider,IAction Provider
205,3,ICY_METADATA_INTERVAL,ICY METADATA INTERVAL
206,3,IClientDataItem,IClient Data Item
207,4,ID3FID_YEAR,ID 3 FID YEAR
208,3,IDC_EDIT_DATETIME,IDC EDIT DATETIME
209,4,IDC_EDIT_QUAKE2,IDC EDIT QUAKE 2
210,2,IDC_METANAME,IDC METANAME
211,3,IDC_TEXTWIN_COPY,IDC TEXTWIN COPY
212,2,IDC_UPDATESERVERCLIENT,IDC UPDATESERVERCLIENT
213,2,IDI_TESTPASSED,IDI TESTPASSED
214,2,IDI_UNINSTALL,IDI UNINSTALL
215,3,IDL_node_new,IDL node new
216,4,IDL_type_fixed_new,IDL type fixed new
217,3,IDS_DL_RESUMENEXT,IDS DL RESUMENEXT
218,2,IDS_HSAV,IDS HSAV
219,3,IDS_IRC_DISCONNECT,IDS IRC DISCONNECT
220,2,IDS_LASTSEEN,IDS LASTSEEN
221,7,IEC61883_AMDTP_FORMAT_IEC958_PCM,IEC 61883 AMDTP FORMAT IEC 958 PCM
222,4,IFTypeManager.IF_ATTACHMENTS,IFType Manager IF ATTACHMENTS
223,3,IID_IHTMLElementCollection,IID IHTMLElement Collection
224,2,IMAGE_BITMAP,IMAGE BITMAP
225,3,INIT_BLOCK_SIZE,INIT BLOCK SIZE
226,2,INTEL_SPINLOCKS,INTEL SPINLOCKS
227,4,INT_ROW_HOLIDAYS_START,INT ROW HOLIDAYS START
228,4,IPC_PlatformSendMsg,IPC Platform Send Msg
229,1,ISBADADR,ISBADADR
230,3,ITagLibErrors,ITag Lib Errors
231,6,IbisSerializationOutputStream.enumClass,Ibis Serialization Output Stream enum Class
232,3,ImageMatrix.yy,Image Matrix yy
233,3,ImageToPDF,Image To PDF
234,3,Individual.NOT_INHERITABLE,Individual NOT INHERITABLE
235,3,InitBrowserMenu,Init Browser Menu
236,3,InitLicTxt,Init Lic Txt
237,2,InitThread,Init Thread
238,2,InstantiationSet,Instantiation Set
239,4,IonoStationEditAction,Iono Station Edit Action
240,6,Is7bitNonAsciiString,Is 7 bit Non Ascii String
241,3,Item_func_lt,Item func lt
242,3,JAVA_SIGNATURE_UNKNOWN,JAVA SIGNATURE UNKNOWN
243,2,JAVA_T,JAVA T
244,4,JAWE_AUTOSAVE_PROPERTYFILE_NAME,JAWE AUTOSAVE PROPERTYFILE NAME
245,2,JCEProviderObject,JCEProvider Object
246,3,JCasFunctionTag,JCas Function Tag
247,3,JDBCAppender.PASSWORD_OPTION,JDBCAppender PASSWORD OPTION
248,3,JRMeterChartFactory,JRMeter Chart Factory
249,3,JSD_GetJSScript,JSD Get JSScript
250,5,JSPRegularExpressions.HTML_A_PATTERN,JSPRegular Expressions HTML A PATTERN
251,4,JS_GetFrameAnnotation,JS Get Frame Annotation
252,3,JS_NEW_LOCK,JS NEW LOCK
253,2,JTRC_ADOBE,JTRC ADOBE
254,1,JXBroadcast,JXBroadcast
255,4,JameleonScriptExceptionTest,Jameleon Script Exception Test
256,5,Java2ObjectTypeConverter,Java 2 Object Type Converter
257,5,JavassistInstrumentorEngineTaskTest,Javassist Instrumentor Engine Task Test
258,3,JmiChangeSet,Jmi Change Set
259,3,KERN_PAIR_KPY,KERN PAIR KPY
260,2,KeyFallback,Key Fallback
261,3,Keyboard.KEY_LCONTROL,Keyboard KEY LCONTROL
262,4,L1_WO_WAEN,L 1 WO WAEN
263,3,LARGE_NUM_SOCKETS,LARGE NUM SOCKETS
264,2,LBCarryMask,LBCarry Mask
265,3,LC_LOAD_DYLIB,LC LOAD DYLIB
266,3,LDAP_CONTROL_PWEXPIRED,LDAP CONTROL PWEXPIRED
267,2,LEX_INFINITY,LEX INFINITY
268,2,LIBERIA_ID,LIBERIA ID
269,2,LIS_SUCCESS,LIS SUCCESS
270,2,LL_DEBUG,LL DEBUG
271,3,LMTOS_LCP_CONCLUDING,LMTOS LCP CONCLUDING
272,2,LM_SELECTITEM,LM SELECTITEM
273,1,LOADCHOICES,LOADCHOICES
274,2,LOCKED_DBT,LOCKED DBT
275,4,LOCKED_OBJ_GET_PROTO,LOCKED OBJ GET PROTO
276,3,LOGON_PRIVILEGE_NAME,LOGON PRIVILEGE NAME
277,2,LOOKUP_COMPLETE,LOOKUP COMPLETE
278,2,LPCM_AUDIO,LPCM AUDIO
279,2,LProgressBar,LProgress Bar
280,2,LSold.Mode,LSold Mode
281,2,LTRAmPTable,LTRAm PTable
282,1,LVBKIMAGE,LVBKIMAGE
283,6,LdapAttrbConst.ATTRIBUTE_MULTI_VALUED,Ldap Attrb Const ATTRIBUTE MULTI VALUED
284,2,Link.INVERSEPROP,Link INVERSEPROP
285,3,LogReaderSOAPService,Log Reader SOAPService
286,2,MAC_STARTUP,MAC STARTUP
287,1,MALAY,MALAY
288,4,MAP_VIEW_CENTRE_LONG,MAP VIEW CENTRE LONG
289,1,MAXUSERNAMELEN,MAXUSERNAMELEN
290,3,MAX_URI_SIZE,MAX URI SIZE
291,2,MD.Tempo,MD Tempo
292,4,MESSAGE_TYPE_STOP_ASSOC,MESSAGE TYPE STOP ASSOC
293,2,MF_ENABLED,MF ENABLED
294,1,MIDIError,MIDIError
295,2,MIFValueSetter,MIFValue Setter
296,7,MIN_NUMBER_OF_SIG_PER_DO_JOB,MIN NUMBER OF SIG PER DO JOB
297,2,MIN_PROBABILITY,MIN PROBABILITY
298,3,MJ_FAILED_MARSHALING,MJ FAILED MARSHALING
299,4,MK_LDAP_OBJECT_CLASS,MK LDAP OBJECT CLASS
300,4,MLetTag.ArgTag,MLet Tag Arg Tag
301,2,MNG_CANNOTBEEMPTY,MNG CANNOTBEEMPTY
302,4,MNG_FN_INIT_SEEK,MNG FN INIT SEEK
303,5,MNG_FN_PROCESS_DISPLAY_TRNS,MNG FN PROCESS DISPLAY TRNS
304,4,MNG_FN_WRITE_FRAM,MNG FN WRITE FRAM
305,4,MNG_FN_WRITE_JDAT,MNG FN WRITE JDAT
306,4,MOS1phiGiven,MOS 1 phi Given
307,3,MOS2_CQBD,MOS 2 CQBD
308,5,MOS2bulkJctPotential,MOS 2 bulk Jct Potential
309,3,MOS3_VGS,MOS 3 VGS
310,3,MOZILLA_VERSION_PROP,MOZILLA VERSION PROP
311,5,MP4GetTrackDuration,MP 4 Get Track Duration
312,6,MP4SetTrackTimeScale,MP 4 Set Track Time Scale
313,4,MP4TableProperty,MP 4 Table Property
314,4,MPEG1_BUFFERINFO_LENGTH,MPEG 1 BUFFERINFO LENGTH
315,2,MP_RESUMENEXT,MP RESUMENEXT
316,4,MSG_DNS_LOOKUP_COMPLETE,MSG DNS LOOKUP COMPLETE
317,3,MY_KEEP_PREALLOC,MY KEEP PREALLOC
318,5,MY_LEX_END_LONG_COMMENT,MY LEX END LONG COMMENT
319,5,MaxNoOfAttemptsC,Max No Of Attempts C
320,2,MedlineImporter,Medline Importer
321,7,MenuBuilder.ATTACK_MENU_RELATED_DEST_1,Menu Builder ATTACK MENU RELATED DEST 1
322,4,MenuItemInfo.cch,Menu Item Info cch
323,4,MetaDoorExceptionHandler,Meta Door Exception Handler
324,5,MimeMultipartSignedCMS_initialize,Mime Multipart Signed CMS initialize
325,4,ModifiableTableChangeEvent,Modifiable Table Change Event
326,1,NAMEKeyword,NAMEKeyword
327,2,NAME_STATE,NAME STATE
328,2,NMEA_strings,NMEA strings
329,1,NOFUN,NOFUN
330,3,NSCP_MAPIDeleteMail,NSCP MAPIDelete Mail
331,4,NSC_SignEncryptUpdate,NSC Sign Encrypt Update
332,5,NSSCMSRecipientInfoID_KeyTrans,NSSCMSRecipient Info ID Key Trans
333,5,NSS_CMSDigestContext_FinishSingle,NSS CMSDigest Context Finish Single
334,5,NS_CHARSET_DETECTOR_CONTRACTID_BASE,NS CHARSET DETECTOR CONTRACTID BASE
335,3,NS_DECL_NSIWMPSETTINGS,NS DECL NSIWMPSETTINGS
336,3,NS_ERRORSERVICE_CONTRACTID,NS ERRORSERVICE CONTRACTID
337,4,NS_FRAME_IS_COMPLETE,NS FRAME IS COMPLETE
338,5,NS_FRAME_TRACE_REFLOW_OUT,NS FRAME TRACE REFLOW OUT
339,4,NS_HKEY_CURRENT_USER,NS HKEY CURRENT USER
340,4,NS_HTTP_STICKY_CONNECTION,NS HTTP STICKY CONNECTION
341,3,NS_IROBOTSINK_IID,NS IROBOTSINK IID
342,5,NS_LOADER_DATA_ALLOC_STEP,NS LOADER DATA ALLOC STEP
343,5,NS_MATHML_PSEUDO_UNIT_LSPACE,NS MATHML PSEUDO UNIT LSPACE
344,5,NS_NET_STATUS_WROTE_TO,NS NET STATUS WROTE TO
345,3,NS_NNTPINCOMINGSERVER_CONTRACTID,NS NNTPINCOMINGSERVER CONTRACTID
346,3,NS_PRINTINGPROMPTSERVICE_CONTRACTID,NS PRINTINGPROMPTSERVICE CONTRACTID
347,4,NS_QUICKLAUNCH_RUN_KEY,NS QUICKLAUNCH RUN KEY
348,4,NS_REGRESSION_TESTER_CID,NS REGRESSION TESTER CID
349,3,NS_SCHEMAANYPARTICLE_CONTRACTID,NS SCHEMAANYPARTICLE CONTRACTID
350,4,NS_STYLE_CURSOR_DEFAULT,NS STYLE CURSOR DEFAULT
351,5,NS_STYLE_VERTICAL_ALIGN_MIDDLE,NS STYLE VERTICAL ALIGN MIDDLE
352,4,NS_UNICODETOCP855_CID,NS UNICODETOCP 855 CID
353,3,NTLMSSP_NEGOTIATE_NTLM,NTLMSSP NEGOTIATE NTLM
354,5,NT_STATUS_EVENTLOG_FILE_CHANGED,NT STATUS EVENTLOG FILE CHANGED
355,2,NXKeyDelete,NXKey Delete
356,3,N_EL_FRAME,N EL FRAME
357,3,NaNIndices.length,Na NIndices length
358,5,NewContainerDialog_error_enterpath,New Container Dialog error enterpath
359,4,NewEventHandlerUPP,New Event Handler UPP
360,3,NextFocusMatcher,Next Focus Matcher
361,4,OBJ_SZ_TO_BLOCKS,OBJ SZ TO BLOCKS
362,2,OFdefIOs,OFdef IOs
363,3,OPT_STOP_DATETIME,OPT STOP DATETIME
364,2,OP_TYPEUPTO,OP TYPEUPTO
365,5,OS_THREAD_PRIORITY_ABOVE_NORMAL,OS THREAD PRIORITY ABOVE NORMAL
366,2,OUTF_W,OUTF W
367,3,OnFileSaveas,On File Saveas
368,3,OnMsgClose,On Msg Close
369,3,OnOptionDisabled,On Option Disabled
370,2,Order.LT,Order LT
371,2,PAR_INTEGERKEY,PAR INTEGERKEY
372,2,PCS_NOTVERIFIED,PCS NOTVERIFIED
373,3,PK11_ALWAYS,PK 11 ALWAYS
374,3,PK11_SETATTRS,PK 11 SETATTRS
375,7,PKCS11Constants.CKM_RC5_ECB,PKCS 11 Constants CKM RC 5 ECB
376,2,PKCS9,PKCS 9
377,3,PLUGINS_DIR_NAME,PLUGINS DIR NAME
378,3,PLUGIN_LOG_NAME,PLUGIN LOG NAME
379,4,PLUS_OP__START_OFFSET,PLUS OP START OFFSET
380,2,PL_strdup,PL strdup
381,4,PNG_WRITE_PACK_SUPPORTED,PNG WRITE PACK SUPPORTED
382,2,POLYGON_EXCL,POLYGON EXCL
383,3,PROP_TASK_DESC,PROP TASK DESC
384,2,PRRecvfromFN,PRRecvfrom FN
385,3,PRSeek64FN,PRSeek 64 FN
386,5,PR_CONTACT_DEFAULT_ADDRESS_INDEX,PR CONTACT DEFAULT ADDRESS INDEX
387,3,PR_CallOnce,PR Call Once
388,5,PR_HOME_ADDRESS_COUNTRY_W,PR HOME ADDRESS COUNTRY W
389,3,PR_INSERT_LINK,PR INSERT LINK
390,3,PSY_ALPHA_VERSION,PSY ALPHA VERSION
391,2,PS_COMPLETE,PS COMPLETE
392,5,PdfAnnotPlugin.EDITOR_ID,Pdf Annot Plugin EDITOR ID
393,4,Ph_CURSOR_QUESTION_POINT,Ph CURSOR QUESTION POINT
394,4,Pk11Install_Platform,Pk 11 Install Platform
395,2,PluginVClient,Plugin VClient
396,4,PovReflectionGeneImpl,Pov Reflection Gene Impl
397,2,PrefetchHref,Prefetch Href
398,2,ProcessorC,Processor C
399,5,ProjectElement.INCLUDE_BASE_TAG,Project Element INCLUDE BASE TAG
400,6,Project_ID3.chemin_mp3,Project ID 3 chemin mp 3
401,5,Pt_ARG_MOZ_AUTH_CTRL,Pt ARG MOZ AUTH CTRL
402,4,PyEval_ReleaseThread,Py Eval Release Thread
403,2,QWheelEvent,QWheel Event
404,2,Q_isalpha,Q isalpha
405,9,QoSDrxAlarmEventReceiverEventHandlerImplShell,Qo SDrx Alarm Event Receiver Event Handler Impl Shell
406,4,Qt.Key.Key_Up,Qt Key Key Up
407,6,QueryField.field_type.alpha_field,Query Field field type alpha field
408,4,RAW_CD_SECTOR_SIZE,RAW CD SECTOR SIZE
409,3,RBACResourceTypeEntry,RBACResource Type Entry
410,2,READ_FIFO,READ FIFO
411,2,REFTREES_CHILDREFID,REFTREES CHILDREFID
412,4,REGISTEREDBY_AD_Reference_ID,REGISTEREDBY AD Reference ID
413,3,RELOAD_MIN_TIME,RELOAD MIN TIME
414,3,REPEAT_TYPE_DAILY,REPEAT TYPE DAILY
415,1,RMIApp,RMIApp
416,3,ROT_Y_LEFT,ROT Y LEFT
417,2,RaistlinServlet,Raistlin Servlet
418,4,Record.PROC_EXEC_FAILURE,Record PROC EXEC FAILURE
419,4,RefondeDialogProprietesProjet,Refonde Dialog Proprietes Projet
420,3,RegisterUtf8,Register Utf 8
421,7,RegistryMessages.meta_registryCacheWriteProblems,Registry Messages meta registry Cache Write Problems
422,3,Resources.EXT_PSX,Resources EXT PSX
423,2,SBS_VERT,SBS VERT
424,4,SCRAMBLED_PASSWORD_CHAR_LENGTH,SCRAMBLED PASSWORD CHAR LENGTH
425,2,SECKEYKeyDBHandle,SECKEYKey DBHandle
426,1,SECUREOSF,SECUREOSF
427,4,SECURE_RANDOM_ALGO_NAME,SECURE RANDOM ALGO NAME
428,3,SEC_SignData,SEC Sign Data
429,3,SET_AND_EXPR,SET AND EXPR
430,4,SF_FORMAT_SD2,SF FORMAT SD 2
431,5,SHOW_SSL_CTX_SESS_ACCEPT,SHOW SSL CTX SESS ACCEPT
432,5,SHOW_SSL_CTX_SESS_HITS,SHOW SSL CTX SESS HITS
433,3,SIMPLE_SCROLL_MODE,SIMPLE SCROLL MODE
434,4,SMB_GROUP_QUOTA_TYPE,SMB GROUP QUOTA TYPE
435,3,SMTP_TLS_RESPONSE,SMTP TLS RESPONSE
436,5,SND_PCM_HW_PARAM_PERIODS,SND PCM HW PARAM PERIODS
437,5,SND_SEQ_EVENT_INSTR_LIST,SND SEQ EVENT INSTR LIST
438,2,SOUNDTRACK_WEATHERAMBIENCE,SOUNDTRACK WEATHERAMBIENCE
439,5,SPL_ARCH_W32ALPHA,SPL ARCH W 32 ALPHA
440,3,SPOOL_Q_REPLYOPENPRINTER,SPOOL Q REPLYOPENPRINTER
441,3,SQLCOM_SHOW_PROCESSLIST,SQLCOM SHOW PROCESSLIST
442,3,SQL_DIRECTORY_ATTR,SQL DIRECTORY ATTR
443,6,SSL_ERROR_RX_MALFORMED_APPLICATION_DATA,SSL ERROR RX MALFORMED APPLICATION DATA
444,5,SSL_ERROR_RX_UNKNOWN_ALERT,SSL ERROR RX UNKNOWN ALERT
445,4,SSL_set_accept_state,SSL set accept state
446,3,STATEMENTEDIT_BUF_SIZE,STATEMENTEDIT BUF SIZE
447,3,SUBLANG_ARABIC_EGYPT,SUBLANG ARABIC EGYPT
448,3,SUNOS5DL,SUNOS 5 DL
449,4,SV_AreaEntities_r,SV Area Entities r
450,4,SV_ConSay_f,SV Con Say f
451,4,SV_RankReportStr,SV Rank Report Str
452,4,SYSTEM_AGENTS_GROUP_NAME,SYSTEM AGENTS GROUP NAME
453,3,SaveDocumentInternal,Save Document Internal
454,5,ServerConfig.pieceImageFile,Server Config piece Image File
455,4,ServerDoesntSupportACL,Server Doesnt Support ACL
456,4,SetLeaveAsAscii,Set Leave As Ascii
457,5,SetMsgHdrCacheSize,Set Msg Hdr Cache Size
458,3,SetUnusedInput,Set Unused Input
459,6,ShareResourceEvent.ET_ATTRIBUTE_CHANGED,Share Resource Event ET ATTRIBUTE CHANGED
460,5,SimpleCpcClient::Parser_t::ParserStatus,Simple Cpc Client::Parser t::Parser Status
461,6,SmtpHeadersInterface.CONTENT_TRANSFER_ENCODING,Smtp Headers Interface CONTENT TRANSFER ENCODING
462,3,SprawdzTypySkladnikow,Sprawdz Typy Skladnikow
463,4,StartServer_MenuInit,Start Server Menu Init
464,2,StornoDialog,Storno Dialog
465,3,StrongBinaryEncryptor,Strong Binary Encryptor
466,3,StyleDisplayImpl,Style Display Impl
467,8,T1_Block.T1_BLOCK_R_OK,T 1 Block T 1 BLOCK R OK
468,3,TAG_NL_VAR,TAG NL VAR
469,1,TBACKGND,TBACKGND
470,2,TBBTN_TRANSFERS,TBBTN TRANSFERS
471,4,TEST_NO_UUID_STRUCT,TEST NO UUID STRUCT
472,3,TFNGui.ADD_TRANSITION,TFNGui ADD TRANSITION
473,3,TMADicotomicIndexedItems,TMADicotomic Indexed Items
474,2,TME_HOVER,TME HOVER
475,1,TOPREVFILE,TOPREVFILE
476,3,TRACEBACK_FETCH_ERROR,TRACEBACK FETCH ERROR
477,1,TRAinfo,TRAinfo
478,4,TRG_NUM_REQUIRED_PARAMETERS,TRG NUM REQUIRED PARAMETERS
479,6,TRX_SYS_MYSQL_LOG_NAME_LEN,TRX SYS MYSQL LOG NAME LEN
480,3,TT_PEEK_LONG,TT PEEK LONG
481,4,TT_Round_To_Grid,TT Round To Grid
482,3,TX_PATTERN_DEBUG,TX PATTERN DEBUG
483,3,TYPE_CONFIG_TRACK,TYPE CONFIG TRACK
484,2,Tags.CONST,Tags CONST
485,5,TavernaIcons.importUrlIcon,Taverna Icons import Url Icon
486,7,TeamB_correctionButton.addActionListener,Team B correction Button add Action Listener
487,3,Terrain_DrawXY,Terrain Draw XY
488,2,ThrowCOMError,Throw COMError
489,4,TraitSelectorSeqHelper,Trait Selector Seq Helper
490,4,TypeParameter.PARAM_COMMENT,Type Parameter PARAM COMMENT
491,2,Types.BIGINT,Types BIGINT
492,3,UI_POPUP_INFO,UI POPUP INFO
493,5,UMLMetafacadeProperties.DEFAULT_IDENTIFIER_VISIBILITY,UMLMetafacade Properties DEFAULT IDENTIFIER VISIBILITY
494,4,UNI_LEFT_SINGLE_QUOTE,UNI LEFT SINGLE QUOTE
495,4,UPD_MM_DEL_ARRAY,UPD MM DEL ARRAY
496,2,UPRIGHT_RESIZE,UPRIGHT RESIZE
497,2,USE_FREETYOE,USE FREETYOE
498,3,USE_NC_EXTENSION,USE NC EXTENSION
499,2,USE_SETREUID,USE SETREUID
500,3,UnRegisterSession,Un Register Session
501,6,UnicodeNotFromInputMethodHandler,Unicode Not From Input Method Handler
502,3,UnregisterContentPolicy,Unregister Content Policy
503,3,UpdateResFile,Update Res File
504,5,UserProperties.APP_RSRC_PREFIX,User Properties APP RSRC PREFIX
505,2,VCARD.PRODID,VCARD PRODID
506,4,VCARD_LDAP_IBMMAIL_TYPE,VCARD LDAP IBMMAIL TYPE
507,2,VCCityProp,VCCity Prop
508,3,VCFullNameProp,VCFull Name Prop
509,1,VLNEXT,VLNEXT
510,2,VerifyRuntime,Verify Runtime
511,3,VirtualGraphics.bgcolor,Virtual Graphics bgcolor
512,3,WC_SCROLLBAR_STRING,WC SCROLLBAR STRING
513,2,WH_DEBUG,WH DEBUG
514,1,WIFSIGNALED,WIFSIGNALED
515,1,WSAEMSGSIZE,WSAEMSGSIZE
516,5,WSA_GRANT_ACCESS_TO_ALL,WSA GRANT ACCESS TO ALL
517,2,WS_CARBON,WS CARBON
518,4,WebServiceLifecycleHandler,Web Service Lifecycle Handler
519,3,WindowNoPanel,Window No Panel
520,4,WorkbenchPlugin.PI_WORKBENCH,Workbench Plugin PI WORKBENCH
521,3,XC_hand2,XC hand 2
522,2,XCreateGC,XCreate GC
523,3,XK_KP_Delete,XK KP Delete
524,4,XMLConfig.TYPEDEF_LIST_ATTR,XMLConfig TYPEDEF LIST ATTR
525,2,XMLCyclePrinter,XMLCycle Printer
526,2,XMLDocumentClipboard,XMLDocument Clipboard
527,3,XPC_Log_Finish,XPC Log Finish
528,3,XPT_NewXDRState,XPT New XDRState
529,2,XVID_KEYFRAME,XVID KEYFRAME
530,5,XVID_ME_QUARTERPELREFINE8_RD,XVID ME QUARTERPELREFINE 8 RD
531,3,XpuGetResolution,Xpu Get Resolution
532,3,XtMoveWidget,Xt Move Widget
533,3,XtNminWidth,Xt Nmin Width
534,5,Y4M_ERR_BADEOF,Y 4 M ERR BADEOF
535,1,YNormalized,YNormalized
536,3,ZFULL_FRAGRECORD_ERROR,ZFULL FRAGRECORD ERROR
537,2,ZT_DIAL,ZT DIAL
538,3,_AFX_CMDTARGET_GETSTATE,AFX CMDTARGET GETSTATE
539,2,_BDF_DWIDTH,BDF DWIDTH
540,2,_F_INOUT,F INOUT
541,2,_IO_peekc,IO peekc
542,3,_Mult_Inner_Loop,Mult Inner Loop
543,5,_PR_HAVE_LARGE_OFF_T,PR HAVE LARGE OFF T
544,4,_PR_MD_MEM_UNMAP,PR MD MEM UNMAP
545,4,_PR_MD_OPEN_FILE,PR MD OPEN FILE
546,5,_PT_PTHREAD_MUTEX_IS_LOCKED,PT PTHREAD MUTEX IS LOCKED
547,2,__db_refresh,db refresh
548,3,__db_vrfy_freelist,db vrfy freelist
549,3,__dbreg_init_print,dbreg init print
550,2,__mpool_get,mpool get
551,4,__os_segdata_find_byname,os segdata find byname
552,2,__rw_exception,rw exception
553,3,__txn_prepare_proc,txn prepare proc
554,2,_gridComponents,grid Components
555,7,_gsl_vector_float_view_array_with_stride_,gsl vector float view array with stride
556,3,_httpProtocolVersion,http Protocol Version
557,3,_maxWallTime,max Wall Time
558,6,_pointBorderColour.setSelectedIndex,point Border Colour set Selected Index
559,5,_pr_solx86_clock_gettime,pr solx 86 clock gettime
560,4,_snd_pcm_scope_level,snd pcm scope level
561,3,_strSearchTree,str Search Tree
562,2,a.ecart_,a ecart
563,2,aCallback,a Callback
564,3,aConstructorCID,a Constructor CID
565,5,aDesiredWidgetSize.width,a Desired Widget Size width
566,3,aFrameNum,a Frame Num
567,4,aMinVerticalPos,a Min Vertical Pos
568,4,aNumPagesX,a Num Pages X
569,4,aP3PHeader,a P 3 PHeader
570,2,aRGBMap,a RGBMap
571,4,aRowEndY,a Row End Y
572,5,aSVG.mStrokeOpacity,a SVG m Stroke Opacity
573,2,aTransferables,a Transferables
574,3,aUsesOCSP,a Uses OCSP
575,2,aXMLTerminal,a XMLTerminal
576,2,a_explanation,a explanation
577,3,aassettings.phys_watergravity,aassettings phys watergravity
578,2,absII,abs II
579,5,ac3_bit_allocation.dbknee,ac 3 bit allocation dbknee
580,2,actual_type,actual type
581,3,addActionSet,add Action Set
582,4,addBpelProcessUrl,add Bpel Process Url
583,5,addDocFVsToFile,add Doc FVs To File
584,2,addLibfileset,add Libfileset
585,3,addResumeOperation,add Resume Operation
586,4,addUsersToRol,add Users To Rol
587,2,addWall,add Wall
588,2,add_decroche,add decroche
589,2,addrBook,addr Book
590,1,addrncase,addrncase
591,1,adds,adds
592,3,adpcm_encode_init,adpcm encode init
593,4,ads_sid_to_name,ads sid to name
594,4,agd_serv_struct.fkt,agd serv struct fkt
595,3,ainfo_class_initialized,ainfo class initialized
596,3,alloc_EXPR_LIST,alloc EXPR LIST
597,2,allows_mem,allows mem
598,3,alsa_lisp_t,alsa lisp t
599,2,anSsrc,an Ssrc
600,2,ap_cpystrn,ap cpystrn
601,3,apath.inner_box,apath inner box
602,3,apiScanRec,api Scan Rec
603,2,appParam,app Param
604,2,approxlib_ml,approxlib ml
605,2,apr_fcvt,apr fcvt
606,1,argind,argind
607,4,arglex_token_update_not,arglex token update not
608,1,argsbuffer,argsbuffer
609,4,art_pixbuf_free_shallow,art pixbuf free shallow
610,3,asm_high_label,asm high label
611,4,ast_dsp_get_tcount,ast dsp get tcount
612,4,ast_rtp_lookup_code,ast rtp lookup code
613,3,ast_say_datetime,ast say datetime
614,5,atk_state_set_add_state,atk state set add state
615,2,attConfigs,att Configs
616,2,attractorCount,attractor Count
617,2,attrsExp,attrs Exp
618,2,audio_ch,audio ch
619,2,audio_strerror,audio strerror
620,2,authFinished,auth Finished
621,1,authnokey,authnokey
622,2,autohelper_func,autohelper func
623,4,avg_pixels8_iwmmxt,avg pixels 8 iwmmxt
624,3,aviSynthPanel,avi Synth Panel
625,3,b.m_inline,b m inline
626,3,b.m_partsize,b m partsize
627,4,bAlphaIsValid,b Alpha Is Valid
628,4,backfill_outside_liberty.pos,backfill outside liberty pos
629,3,base_init_list,base init list
630,3,base_source_filenames,base source filenames
631,4,bb_reg_last_clobbers,bb reg last clobbers
632,3,bcBitCount,bc Bit Count
633,1,bctu,bctu
634,2,bestbm.descent,bestbm descent
635,1,bestdot,bestdot
636,2,beyond_eor,beyond eor
637,2,bgMeans,bg Means
638,1,bglight,bglight
639,2,bindingUri,binding Uri
640,2,bisexec_environment,bisexec environment
641,4,bitmap_choice_mult_item,bitmap choice mult item
642,1,bitsx,bitsx
643,4,bmInfo.bmHeight,bm Info bm Height
644,1,bmwidth,bmwidth
645,4,body.cons.numSubs,body cons num Subs
646,1,bodyname,bodyname
647,2,branch_gt,branch gt
648,3,bs_write_ue,bs write ue
649,2,bulletinUid,bulletin Uid
650,2,buttonEl,button El
651,2,byCFGB,by CFGB
652,3,c.ll_corner,c ll corner
653,2,c_pointcontents,c pointcontents
654,2,cachePtr,cache Ptr
655,2,calcHeight,calc Height
656,1,calcmandfpasmstart,calcmandfpasmstart
657,1,callsite,callsite
658,2,campspot_t,campspot t
659,5,canEditAsUserAdmin,can Edit As User Admin
660,1,catalogdownload,catalogdownload
661,3,cattrinbufFileSize,cattrinbuf File Size
662,2,cbuf.data,cbuf data
663,3,cchMatchingPath,cch Matching Path
664,1,celtype,celtype
665,1,certcount,certcount
666,4,cf_2d_decode,cf 2 d decode
667,2,cfirstfreelcpConnect,cfirstfreelcp Connect
668,3,cgm_clip_indicator,cgm clip indicator
669,5,cgs.media.redScoredSound,cgs media red Scored Sound
670,2,chain_alloced,chain alloced
671,1,channelmodify,channelmodify
672,1,charbuff,charbuff
673,2,charstring_execchar,charstring execchar
674,4,checkIfAllBound,check If All Bound
675,3,checkStartThread,check Start Thread
676,3,check_hosts_equiv,check hosts equiv
677,3,chk2modws,chk 2 modws
678,2,chk_status,chk status
679,2,choice_syrecos,choice syrecos
680,3,chpw_req.data,chpw req data
681,3,chroma.blue.x,chroma blue x
682,3,ci_collection_end,ci collection end
683,6,cipbp.dirInfo.ioFlAttrib,cipbp dir Info io Fl Attrib
684,2,cl.timeoutcount,cl timeoutcount
685,5,classEntryTmpl.className,class Entry Tmpl class Name
686,3,clblPageCounter,clbl Page Counter
687,2,clcpConnectsize,clcp Connectsize
688,2,cleanup_elt,cleanup elt
689,4,cli_add_queue_member,cli add queue member
690,4,client_procs.copy_for,client procs copy for
691,2,cloneChoice,clone Choice
692,2,cm_xorot,cm xorot
693,2,cmap_fields,cmap fields
694,5,cmdZoomOut_mouseReleased,cmd Zoom Out mouse Released
695,3,cmd_PrefillForm,cmd Prefill Form
696,2,cmd_stop,cmd stop
697,2,cmmfCertificate,cmmf Certificate
698,7,cmmf_CertOrEncCertSetCertificate,cmmf Cert Or Enc Cert Set Certificate
699,3,cmodel_calculate_max,cmodel calculate max
700,3,col3.green,col 3 green
701,3,colorBoldCyan,color Bold Cyan
702,5,com.adaptiveplanning.system.SystemConfig,com adaptiveplanning system System Config
703,8,com.agical.rmock.core.expectation.modification.MultiplicityModifier,com agical rmock core expectation modification Multiplicity Modifier
704,6,com.apelon.dts.client.namespace.Namespace,com apelon dts client namespace Namespace
705,5,com.capgemini.mda.model.Visitor,com capgemini mda model Visitor
706,10,com.corendal.netapps.framework.workflow.writedatafactories.ProcessExecutionDateFactory,com corendal netapps framework workflow writedatafactories Process Execution Date Factory
707,9,com.esiglo.framework.core.apploader.security.jaxb.SecurityAuthorization,com esiglo framework core apploader security jaxb Security Authorization
708,6,com.greendiamond.rivernorth.ui.SelectionListener,com greendiamond rivernorth ui Selection Listener
709,7,com.gridsystems.module.api.ApiRegisteredType,com gridsystems module api Api Registered Type
710,6,com.icodeon.services.cmi.InteractionType,com icodeon services cmi Interaction Type
711,7,com.kbquest.util.resource.DisposalQueueHandler,com kbquest util resource Disposal Queue Handler
712,5,com.kopiright.bytecode.classfile.Member,com kopiright bytecode classfile Member
713,6,com.projity.pm.scheduling.SchedulingRule,com projity pm scheduling Scheduling Rule
714,6,com.projity.pm.snapshot.SnapshottableImpl,com projity pm snapshot Snapshottable Impl
715,7,com.sun.rave.web.ui.component.Label,com sun rave web ui component Label
716,9,com.sun.rave.web.ui.component.TableRowGroup,com sun rave web ui component Table Row Group
717,8,com.sun.star.i18n.KParseTokens,com sun star i 18 n KParse Tokens
718,6,com.sun.tools.internal.ws.util,com sun tools internal ws util
719,9,com.sun.tools.javac.main.JavacOption.HiddenOption,com sun tools javac main Javac Option Hidden Option
720,7,com.wm.povclipse.property.megapovxrs.ServerTab,com wm povclipse property megapovxrs Server Tab
721,6,com.xerox.VTM.engine.LongPoint,com xerox VTM engine Long Point
722,2,commentBooleans,comment Booleans
723,4,compNameBytes.length,comp Name Bytes length
724,3,completeDropTrigger,complete Drop Trigger
725,2,compress_init,compress init
726,4,computeBreakpointAdornmentFlags,compute Breakpoint Adornment Flags
727,3,computedMinHeight,computed Min Height
728,3,conf.lists.indexed,conf lists indexed
729,2,config.yellow,config yellow
730,2,configuration.overview,configuration overview
731,3,conn_options.secmode,conn options secmode
732,1,connectpath,connectpath
733,4,consumeUnmappedDatastoreField,consume Unmapped Datastore Field
734,1,containerinfo,containerinfo
735,5,contextSupport.createManagedCollection,context Support create Managed Collection
736,2,contractidString,contractid String
737,2,convertOB,convert OB
738,2,corrigeAngles,corrige Angles
739,5,cos_lat_M_cos_lon,cos lat M cos lon
740,3,createChargeLabel,create Charge Label
741,2,createFDC,create FDC
742,4,createHistoryFeedPlugin,create History Feed Plugin
743,2,createJMSAdapter,create JMSAdapter
744,3,createResourceHandler,create Resource Handler
745,4,createVerCurso16,create Ver Curso 16
746,2,crlfHeaders,crlf Headers
747,3,crmf_create_prtime,crmf create prtime
748,2,cryptoMech,crypto Mech
749,2,crypto_flags,crypto flags
750,4,csSEI.fMask,cs SEI f Mask
751,3,cs_file_sec,cs file sec
752,2,ctimebar_h,ctimebar h
753,1,ctop,ctop
754,2,curHdr,cur Hdr
755,4,cur_client.reg.isreg,cur client reg isreg
756,4,currentAppPosition.y,current App Position y
757,2,currentCtx,current Ctx
758,5,customLayoutParameter.pageNumber,custom Layout Parameter page Number
759,2,dDelayed,d Delayed
760,4,dInf.widthMember,d Inf width Member
761,2,d_rcode,d rcode
762,1,databufptr,databufptr
763,3,dayLengthLabel,day Length Label
764,2,dbArray,db Array
765,4,dbObj.ward_id,db Obj ward id
766,2,dbc_ctp,dbc ctp
767,1,dbt,dbt
768,5,dc1394_start_iso_transmission,dc 1394 start iso transmission
769,3,dcA_Partner,dc A Partner
770,5,de.anomic.tools.dirlistComparator,de anomic tools dirlist Comparator
771,3,deGappedConsensus,de Gapped Consensus
772,1,deadsec,deadsec
773,2,dec.signature_,dec signature
774,2,declLambda,decl Lambda
775,2,delWalk,del Walk
776,2,del_l,del l
777,3,del_visible_faces,del visible faces
778,2,deleteUbication,delete Ubication
779,4,dev_proc_fill_mask,dev proc fill mask
780,2,device_prefs,device prefs
781,3,dfield_copy_data,dfield copy data
782,3,di.pDatatype,di p Datatype
783,2,dialogMsg,dialog Msg
784,2,dialog_cb,dialog cb
785,1,dictname,dictname
786,3,dirPropCount,dir Prop Count
787,2,dirYoffset,dir Yoffset
788,1,dirst,dirst
789,5,displayOptionsInfo.brightness.maxvalue,display Options Info brightness maxvalue
790,2,div_r,div r
791,1,dladdr,dladdr
792,4,dll_eth_get_work,dll eth get work
793,3,doCarteCharacters,do Carte Characters
794,4,do_jump_for_compare,do jump for compare
795,4,do_layer3_sideinfo,do layer 3 sideinfo
796,3,do_list_fn,do list fn
797,2,do_unlink,do unlink
798,3,dollar_in_ident,dollar in ident
799,2,domain_obj,domain obj
800,1,domss,domss
801,2,dop.pdriv,dop pdriv
802,1,dosrcs,dosrcs
803,2,double_min,double min
804,3,dp_conf_t,dp conf t
805,1,dpre,dpre
806,4,dragAddNode.drawy,drag Add Node drawy
807,4,dragitem.fsSupportedOps,dragitem fs Supported Ops
808,2,drawMst,draw Mst
809,3,drawTimeBox,draw Time Box
810,2,drift_comp,drift comp
811,2,dsc_orientation,dsc orientation
812,3,dst0.x,dst 0 x
813,6,dst_buffer_to_hmac_md5,dst buffer to hmac md 5
814,2,dtstart.year,dtstart year
815,3,dtype_form_prtype,dtype form prtype
816,1,durations,durations
817,4,dv_init_dct248,dv init dct 248
818,3,dv_video_source,dv video source
819,3,dwUpperLimit,dw Upper Limit
820,2,dwUser,dw User
821,2,dw_mode,dw mode
822,5,dwarf2out_return_reg,dwarf 2 out return reg
823,1,dwl,dwl
824,4,eCSSKeyword_scrollbartrack_vertical,e CSSKeyword scrollbartrack vertical
825,4,eOnDataAvail,e On Data Avail
826,4,eSendBehindFront,e Send Behind Front
827,4,eStyleStruct_Max,e Style Struct Max
828,4,eSystemFont_Tooltips,e System Font Tooltips
829,9,e__SystemEnumStrict_n_from_then_to_uts,e System Enum Strict n from then to uts
830,1,ectr,ectr
831,8,edu.colorado.phet.energyskatepark.view.piccolo.SkaterNode,edu colorado phet energyskatepark view piccolo Skater Node
832,2,eh_proto,eh proto
833,3,emb_read_rows,emb read rows
834,2,encodeDiv,encode Div
835,4,encodeXMLWideFieldElement,encode XMLWide Field Element
836,1,endtravelflags,endtravelflags
837,2,entry_ptr,entry ptr
838,2,env.width,env width
839,1,eod,eod
840,2,eq_func,eq func
841,2,equivs_.last,equivs last
842,3,errFileOpen,err File Open
843,3,error2ECD,error 2 ECD
844,3,errorWarning.filename,error Warning filename
845,3,error_mark_node,error mark node
846,3,evTimeRW,ev Time RW
847,3,ex_coeff_d,ex coeff d
848,3,exact_sos_count,exact sos count
849,2,examples.jaxb,examples jaxb
850,3,execCM_ADD,exec CM ADD
851,2,execDICTSTARTCONF,exec DICTSTARTCONF
852,3,execDI_FCOUNTCONF,exec DI FCOUNTCONF
853,3,execTUP_ALLOCREQ,exec TUP ALLOCREQ
854,5,execWAIT_DROP_TAB_REQ,exec WAIT DROP TAB REQ
855,2,execute_ln,execute ln
856,2,existingNode,existing Node
857,2,explodedDisplay,exploded Display
858,1,expn,expn
859,2,exportPHYLIPINTERFile,export PHYLIPINTERFile
860,5,extractClientEntriesFromUrl,extract Client Entries From Url
861,2,f__curunit,f curunit
862,2,f_bkpt,f bkpt
863,1,fartherin,fartherin
864,1,fastmin,fastmin
865,3,faviconGeneratorElement,favicon Generator Element
866,1,fbuffer,fbuffer
867,3,fc.privateContext,fc private Context
868,3,fcheckData.data,fcheck Data data
869,3,fdlMeta.left,fdl Meta left
870,1,fdset,fdset
871,6,ff_mpeg1_find_frame_end,ff mpeg 1 find frame end
872,3,ffebld_constant_realdefault,ffebld constant realdefault
873,2,ffeexprOperator_,ffeexpr Operator
874,3,ffestp_file.type,ffestp file type
875,3,ffetarget_offset_add,ffetarget offset add
876,3,fftw_sem_post,fftw sem post
877,2,field_idx,field idx
878,2,filesort_limit,filesort limit
879,2,fill_params,fill params
880,3,findHostHealths,find Host Healths
881,3,findSplitRTleaf,find Split RTleaf
882,3,first_resize_height,first resize height
883,2,flFlags,fl Flags
884,3,flag_schedule_insns,flag schedule insns
885,2,fname.chars,fname chars
886,2,fontAFM,font AFM
887,3,fontColorLU,font Color LU
888,3,forceUnixStyle,force Unix Style
889,4,format.mSystemId,format m System Id
890,3,foundDirID,found Dir ID
891,6,fpMediaInfo4_Info_Version,fp Media Info 4 Info Version
892,2,fp_delete,fp delete
893,1,fpmp,fpmp
894,8,fr.tm.elibel.smartqvt.qvt.imperativeocl.ImperativeExpression,fr tm elibel smartqvt qvt imperativeocl Imperative Expression
895,3,frame_num_offset,frame num offset
896,3,free_debug_proc,free debug proc
897,2,fsControl,fs Control
898,4,ft_cleanup_stack_done,ft cleanup stack done
899,2,ftpAdapter,ftp Adapter
900,2,fuUsage,fu Usage
901,2,fullurlC,fullurl C
902,2,func_items,func items
903,7,g640x480x16_regs,g 640 x 480 x 16 regs
904,11,gCatInfoPB.hFileInfo.ioFlXFndrInfo,g Cat Info PB h File Info io Fl XFndr Info
905,6,gConstNoneCharSetMap,g Const None Char Set Map
906,4,gOverlay.the_gui,g Overlay the gui
907,4,gRootAtkObject,g Root Atk Object
908,4,gU2Ntable,g U 2 Ntable
909,4,g_EUCTWShiftTableSet,g EUCTWShift Table Set
910,5,g_MacTurkishMappingTable,g Mac Turkish Mapping Table
911,4,g_date_update_dmy,g date update dmy
912,5,g_nVecVariableCount,g n Vec Variable Count
913,3,g_node_new,g node new
914,4,g_return_if_fail,g return if fail
915,7,g_ufCP949NoKSCHangulMapping,g uf CP 949 No KSCHangul Mapping
916,3,gcLocksHash,gc Locks Hash
917,3,gdk_draw_image,gdk draw image
918,5,gdk_pixmap_create_from_xpm,gdk pixmap create from xpm
919,6,gdk_x11_atom_to_xatom,gdk x 11 atom to xatom
920,3,ge.col_fuzzy,ge col fuzzy
921,3,gen_nonce_hash,gen nonce hash
922,2,gencache_iterate,gencache iterate
923,3,generateFrameFile,generate Frame File
924,4,generateShadowsToXML,generate Shadows To XML
925,4,getAllByName,get All By Name
926,4,getAssociatedJoinDeclares,get Associated Join Declares
927,4,getBusinessPClassDC,get Business PClass DC
928,3,getConfigurationDao,get Configuration Dao
929,3,getConfigurationDir,get Configuration Dir
930,3,getCopyCheckbox,get Copy Checkbox
931,4,getDoubleObjectArray,get Double Object Array
932,2,getEOLMarkers,get EOLMarkers
933,4,getEn_db_id,get En db id
934,3,getGLJournalID,get GLJournal ID
935,3,getIdxElt,get Idx Elt
936,4,getImageFromPlugin,get Image From Plugin
937,4,getInvKindName,get Inv Kind Name
938,6,getKindOfStockTransactionDC,get Kind Of Stock Transaction DC
939,6,getLastAdmInDateGregorian,get Last Adm In Date Gregorian
940,5,getLastNumReturnValues,get Last Num Return Values
941,4,getLastViewedSys,get Last Viewed Sys
942,3,getMBMessageService,get MBMessage Service
943,3,getMaxIn,get Max In
944,2,getNSMapping,get NSMapping
945,3,getNumeroFils,get Numero Fils
946,3,getObsXCoord,get Obs XCoord
947,3,getOfBOM,get Of BOM
948,2,getPHPProjects,get PHPProjects
949,3,getPrefString,get Pref String
950,4,getStdInName,get Std In Name
951,3,getTblOverlap,get Tbl Overlap
952,4,getTimersAsXml,get Timers As Xml
953,2,getUIRenderer,get UIRenderer
954,2,getVersionservidor,get Versionservidor
955,3,getViolatedConstraints,get Violated Constraints
956,8,get_address_gsl_matrix_long_double_max_index,get address gsl matrix long double max index
957,3,get_callerid_ast,get callerid ast
958,2,get_toc,get toc
959,2,get_tsd,get tsd
960,1,getcolor,getcolor
961,1,getservbyname,getservbyname
962,2,getterAtom,getter Atom
963,1,gmlltmp,gmlltmp
964,6,gov.usda.gdpc.GenotypeExperimentProperty,gov usda gdpc Genotype Experiment Property
965,2,gram_vsa,gram vsa
966,2,greenRGB,green RGB
967,4,grid.xaxis.circular.hmt,grid xaxis circular hmt
968,5,gridBagConstraintsX.gridx,grid Bag Constraints X gridx
969,2,gs_malloc,gs malloc
970,4,gtk_widget_ensure_style,gtk widget ensure style
971,4,gx_remap_concrete_gray,gx remap concrete gray
972,3,gz_compress_mmap,gz compress mmap
973,4,h263_chroma_roundtab,h 263 chroma roundtab
974,2,handle_channelstatus,handle channelstatus
975,1,hbit,hbit
976,2,headExp,head Exp
977,2,help_dimu,help dimu
978,2,hiddenXMax,hidden XMax
979,2,highestX,highest X
980,1,hisip,hisip
981,2,hit.linkcount,hit linkcount
982,1,hlib,hlib
983,3,hookGraphicalViewer,hook Graphical Viewer
984,2,horzVis,horz Vis
985,4,hpb.ioDirID,hpb io Dir ID
986,1,hpcxs,hpcxs
987,2,htdbm_init,htdbm init
988,4,html40Latin1,html 40 Latin 1
989,1,hval,hval
990,2,hwndCancel,hwnd Cancel
991,2,i.lvals,i lvals
992,3,iCCP_TYPE,i CCP TYPE
993,2,iMin,i Min
994,2,iTermcond,i Termcond
995,6,i_qp0_cost2_table,i qp 0 cost 2 table
996,1,icause,icause
997,5,icmLuMonoFwd_map,icm Lu Mono Fwd map
998,5,icmTextDescription_get_size,icm Text Description get size
999,2,iconLense,icon Lense
1000,2,iconv_close,iconv close
1001,3,id_clash_len,id clash len
1002,3,idct_cosine_table,idct cosine table
1003,9,idmlinitiative.resources.dtds.aida22.impl.IDTypeImpl.Unmarshaller,idmlinitiative resources dtds aida 22 impl IDType Impl Unmarshaller
1004,1,iff,iff
1005,2,ijintArrayame,ijint Arrayame
1006,2,illegalNums,illegal Nums
1007,2,imgHeight,img Height
1008,2,inFERange,in FERange
1009,3,inPathLen,in Path Len
1010,3,in_conns.remove,in conns remove
1011,3,includedTocFile,included Toc File
1012,3,includes_AST_in,includes AST in
1013,3,indFullresPath,ind Fullres Path
1014,3,indexOpId,index Op Id
1015,2,index_rtx,index rtx
1016,6,info.magnolia.cms.beans.runtime.Document,info magnolia cms beans runtime Document
1017,2,initDBWishlists,init DBWishlists
1018,3,initImageBuffer,init Image Buffer
1019,4,init_g16_i,init g 16 i
1020,3,init_outer_loop,init outer loop
1021,4,init_q_auth_2,init q auth 2
1022,4,init_reg_q_close,init reg q close
1023,1,initarea,initarea
1024,3,initialClearApars,initial Clear Apars
1025,3,initialConnectionSql,initial Connection Sql
1026,1,interdata,interdata
1027,2,intra_only,intra only
1028,2,ioBuffer,io Buffer
1029,3,ipcServiceConstructor,ipc Service Constructor
1030,4,ipchat.info.infoFrame,ipchat info info Frame
1031,4,iquant_intra_m2,iquant intra m 2
1032,2,irpd_getservbyname,irpd getservbyname
1033,4,isIgnoreLoginState,is Ignore Login State
1034,3,isMaxnumingroupModified,is Maxnumingroup Modified
1035,2,isapi_lookup,isapi lookup
1036,1,isaplot,isaplot
1037,1,isldvowel,isldvowel
1038,6,issuerSHA1KeyHash.len,issuer SHA 1 Key Hash len
1039,1,iswrite,iswrite
1040,6,it.tidalwave.bluemarine.text.APEXApertureFormat,it tidalwave bluemarine text APEXAperture Format
1041,2,itemLast,item Last
1042,1,itemnr,itemnr
1043,2,jace.proxygen,jace proxygen
1044,2,jadEncoding,jad Encoding
1045,4,java_class_or_instance,java class or instance
1046,4,javax.management.remote.rmi,javax management remote rmi
1047,3,jdoBeforeUpdate,jdo Before Update
1048,2,jmi_wreset,jmi wreset
1049,2,jpegTags,jpeg Tags
1050,3,jpeg_consume_input,jpeg consume input
1051,1,jrenderer,jrenderer
1052,3,jsTypeTags_,js Type Tags
1053,2,js_Invoke,js Invoke
1054,4,jsd_IsValuePrimitive,jsd Is Value Primitive
1055,2,jserv_pool,jserv pool
1056,3,jsoSourceFolder,jso Source Folder
1057,1,jsystray,jsystray
1058,1,jwo,jwo
1059,8,kBoPoMoFoOrderIdCID,k Bo Po Mo Fo Order Id CID
1060,5,kCurrentCWPanelListVersion,k Current CWPanel List Version
1061,3,kDOMImplementationCID,k DOMImplementation CID
1062,4,kFirstDirSize,k First Dir Size
1063,3,kIDataFlavor,k IData Flavor
1064,5,kInitSavePageDelay,k Init Save Page Delay
1065,5,kInputStreamChannelCID,k Input Stream Channel CID
1066,5,kMsgAccountManagerCID,k Msg Account Manager CID
1067,3,kNC_Description,k NC Description
1068,3,kSqrChar,k Sqr Char
1069,2,kTelugu,k Telugu
1070,1,kaboom,kaboom
1071,5,keaParams.originatorKEAKey.len,kea Params originator KEAKey len
1072,2,key_derive,key derive
1073,3,keysToDelete,keys To Delete
1074,1,keytext,keytext
1075,1,kmap,kmap
1076,3,lad_fs.total,lad fs total
1077,2,langKannada,lang Kannada
1078,2,langTagalog,lang Tagalog
1079,2,lang_list,lang list
1080,4,lastStartPosMatch,last Start Pos Match
1081,3,lastTimeTick,last Time Tick
1082,2,lblCounter,lbl Counter
1083,3,lcpFragmentId,lcp Fragment Id
1084,3,lcpPtr.i,lcp Ptr i
1085,4,ldap_err2string,ldap err 2 string
1086,1,leitchdev,leitchdev
1087,2,lft_rb,lft rb
1088,1,libjava,libjava
1089,1,linktooltip,linktooltip
1090,1,lis,lis
1091,3,lister_print_horizontal,lister print horizontal
1092,5,localQDefaultTriggerMsgPriority,local QDefault Trigger Msg Priority
1093,3,local_freed_mem,local freed mem
1094,3,logBlendFunc,log Blend Func
1095,3,loginTabPane,login Tab Pane
1096,2,logval_status,logval status
1097,1,loopinfo,loopinfo
1098,1,lowbits,lowbits
1099,3,lpc10.dec,lpc 10 dec
1100,5,lsa_io_r_lookup_names,lsa io r lookup names
1101,6,lsa_io_r_query_info2,lsa io r query info 2
1102,3,lum_green_weight,lum green weight
1103,2,lunch_defendj,lunch defendj
1104,3,mBackgroundYPosition,m Background YPosition
1105,4,mComputedMinWidth,m Computed Min Width
1106,4,mDefaultNamespaceID,m Default Namespace ID
1107,4,mDeque.mSize,m Deque m Size
1108,3,mHTMLBindingStr,m HTMLBinding Str
1109,3,mLenBuf,m Len Buf
1110,5,mMozAreaClosestParent,m Moz Area Closest Parent
1111,4,mMozWindowWidget,m Moz Window Widget
1112,2,mNKeys,m NKeys
1113,3,mNumItems,m Num Items
1114,2,mPACURL,m PACURL
1115,4,mPath.mLen,m Path m Len
1116,3,mPropertyCount,m Property Count
1117,5,mReqUploadStreamLength,m Req Upload Stream Length
1118,5,mSpec.vRefNum,m Spec v Ref Num
1119,3,mStartCData,m Start CData
1120,3,mSubType,m Sub Type
1121,6,mTargetSpec.vRefNum,m Target Spec v Ref Num
1122,3,mWyciwygChannel,m Wyciwyg Channel
1123,9,m_MarginHeaderFooterTab.m_HeaderRightText,m Margin Header Footer Tab m Header Right Text
1124,6,m_ToolTip.m_hWnd,m Tool Tip m h Wnd
1125,3,m_bGPLEvildoer,m b GPLEvildoer
1126,2,m_bircsoundevents,m bircsoundevents
1127,4,m_charCommonMax,m char Common Max
1128,5,m_crSelectedTextColor,m cr Selected Text Color
1129,5,m_csBtn1Text,m cs Btn 1 Text
1130,5,m_ctrlUpdateServerFrm,m ctrl Update Server Frm
1131,5,m_firstExecutedScanOp,m first Executed Scan Op
1132,5,m_iMaxChatHistory,m i Max Chat History
1133,5,m_iSentMoreReq,m i Sent More Req
1134,2,m_mozstatus,m mozstatus
1135,3,m_namespaceSupport,m namespace Support
1136,3,m_nsCard,m ns Card
1137,4,m_originalPhysicalUri,m original Physical Uri
1138,5,m_pfn_qglCallLists,m pfn qgl Call Lists
1139,7,m_pfn_qglTexCoord2f,m pfn qgl Tex Coord 2 f
1140,4,m_pk2len,m pk 2 len
1141,4,m_preSetItem,m pre Set Item
1142,4,m_sLDAPSearchBase,m s LDAPSearch Base
1143,7,m_sizeHdrImgListIcon.cy,m size Hdr Img List Icon cy
1144,3,m_strHost,m str Host
1145,3,m_wndEvents,m wnd Events
1146,2,mac_error,mac error
1147,3,makeConnectString,make Connect String
1148,3,makeSvgFile,make Svg File
1149,3,make_const_array,make const array
1150,2,mapFriend,map Friend
1151,5,mappedUiString.autoSurround,mapped Ui String auto Surround
1152,2,marshalledRegs,marshalled Regs
1153,3,mask.ccolor.pattern,mask ccolor pattern
1154,4,max.setLongValue,max set Long Value
1155,5,maxLeafToRootPath,max Leaf To Root Path
1156,2,max_label,max label
1157,2,max_portals,max portals
1158,1,maxdy,maxdy
1159,4,maybe_cc0_setter,maybe cc 0 setter
1160,2,maybepermanent_obstack,maybepermanent obstack
1161,3,md.waiter_sem,md waiter sem
1162,2,mdef.operation,mdef operation
1163,6,mdia.minf.stbl.stsz.sample_size,mdia minf stbl stsz sample size
1164,4,mec.dwSampleRate,mec dw Sample Rate
1165,4,mechanism.ulParameterLen,mechanism ul Parameter Len
1166,2,memPercent,mem Percent
1167,4,menu_open_new_cb,menu open new cb
1168,1,menuitem,menuitem
1169,5,messageCtchar.getValueLength,message Ctchar get Value Length
1170,3,metaKeyArg,meta Key Arg
1171,2,mgcp_reload,mgcp reload
1172,3,mgr_next_row,mgr next row
1173,3,minResidualCapacity,min Residual Capacity
1174,1,minplayers,minplayers
1175,2,mixmonitor_flags,mixmonitor flags
1176,3,mng_ani_trnsp,mng ani trnsp
1177,6,mng_display_rgb8_a8,mng display rgb 8 a 8
1178,3,mng_magnify_y,mng magnify y
1179,2,mng_processsave,mng processsave
1180,5,mng_store_jpeg_ga8,mng store jpeg ga 8
1181,3,mod.mod_op,mod mod op
1182,2,moduleDir,module Dir
1183,4,morkCh_kN,mork Ch k N
1184,4,morkMagic_kThumb,mork Magic k Thumb
1185,2,morseCoder,morse Coder
1186,6,mp4ff_get_track_type,mp 4 ff get track type
1187,4,mpeg3_aa_cs,mpeg 3 aa cs
1188,5,mpeg3demux_movie_size,mpeg 3 demux movie size
1189,2,mpeg_quant,mpeg quant
1190,2,mpegts_demux,mpegts demux
1191,4,mprLogPagePtr,mpr Log Page Ptr
1192,4,mq_mess.PROC_NR,mq mess PROC NR
1193,2,msgChunk,msg Chunk
1194,5,msgIsInLocalCache,msg Is In Local Cache
1195,1,msgwin,msgwin
1196,1,mtcm,mtcm
1197,4,mutation.mAttrName,mutation m Attr Name
1198,4,myDialog.m_flagvalue,my Dialog m flagvalue
1199,3,myPDayAL,my PDay AL
1200,2,mysql_kill,mysql kill
1201,3,naarani.Design.Table,naarani Design Table
1202,3,nativeFolderName,native Folder Name
1203,3,naturalLogBase,natural Log Base
1204,3,nbrTableCols,nbr Table Cols
1205,3,ndbcluster_find_files,ndbcluster find files
1206,2,negative_ok,negative ok
1207,5,net.matuschek.util.ByteBuffer,net matuschek util Byte Buffer
1208,4,net.sf.fixtag.app,net sf fixtag app
1209,6,net.sourceforge.barbecue.env.HeadlessEnvironment,net sourceforge barbecue env Headless Environment
1210,6,net.sourceforge.island.authentication.AuthenticationException,net sourceforge island authentication Authentication Exception
1211,5,net.sourceforge.jt673.joules,net sourceforge jt 673 joules
1212,8,net.sourceforge.ojb2hbm.OJB2Hbm,net sourceforge ojb 2 hbm OJB 2 Hbm
1213,5,networkOptionsInfo.display.string,network Options Info display string
1214,3,newChemBond,new Chem Bond
1215,2,newCirc,new Circ
1216,3,newExtnValue,new Extn Value
1217,4,newInsertPosRect,new Insert Pos Rect
1218,4,newStreamFilterAction,new Stream Filter Action
1219,1,newlnf,newlnf
1220,7,nextProcessPsn.lowLongOfPSN,next Process Psn low Long Of PSN
1221,1,nextfield,nextfield
1222,1,nextfreeoverrec,nextfreeoverrec
1223,3,nfCompRep,nf Comp Rep
1224,1,nmemb,nmemb
1225,4,nodestateUnits.addElement,nodestate Units add Element
1226,1,nodevalues,nodevalues
1227,2,notQButton,not QButton
1228,1,npos,npos
1229,3,nr_AppendDesc,nr Append Desc
1230,3,nsAString::char_type,ns AString::char type
1231,4,nsCSSValueListSH,ns CSSValue List SH
1232,5,nsCaseConversionImp2,ns Case Conversion Imp 2
1233,5,nsCopyFileMessageType,ns Copy File Message Type
1234,3,nsDOMEventGroup,ns DOMEvent Group
1235,6,nsDeviceContextSpecFactoryMac,ns Device Context Spec Factory Mac
1236,3,nsDocumentType,ns Document Type
1237,4,nsDrawingSurfacePh,ns Drawing Surface Ph
1238,4,nsFontGTKUserDefined,ns Font GTKUser Defined
1239,3,nsHTMLOListElement,ns HTMLOList Element
1240,3,nsIAbView,ns IAb View
1241,3,nsIAboutModule,ns IAbout Module
1242,3,nsILocaleFactory,ns ILocale Factory
1243,4,nsINativeComponentLoader,ns INative Component Loader
1244,2,nsIXPTLoader,ns IXPTLoader
1245,6,nsImapOfflineToOnlineCopy,ns Imap Offline To Online Copy
1246,5,nsKeyPairInfoStr,ns Key Pair Info Str
1247,2,nsLDAPSSLConnect,ns LDAPSSLConnect
1248,4,nsMathMLmoverFrame,ns Math MLmover Frame
1249,4,nsMdbTableEnumerator,ns Mdb Table Enumerator
1250,3,nsMouseMove,ns Mouse Move
1251,6,nsMsgAccountManagerDataSource,ns Msg Account Manager Data Source
1252,5,nsPasteNoFormattingCommand,ns Paste No Formatting Command
1253,4,nsSOCKSIOLayerAcceptRead,ns SOCKSIOLayer Accept Read
1254,4,nsSelectionCommandsBase,ns Selection Commands Base
1255,6,nsSharableString::shared_buffer_handle_type,ns Sharable String::shared buffer handle type
1256,6,nsSingleSignOnProfileObserver,ns Single Sign On Profile Observer
1257,4,nsUnicharStreamLoader,ns Unichar Stream Loader
1258,6,nsUnicodeToBIG5HKSCSConstructor,ns Unicode To BIG 5 HKSCSConstructor
1259,7,nsUnicodeToBIG5NoAscii,ns Unicode To BIG 5 No Ascii
1260,3,nsVoidBTree::Path,ns Void BTree::Path
1261,3,nsXULTabAccessible,ns XULTab Accessible
1262,3,nsldapi_close_connection,nsldapi close connection
1263,1,nsocks,nsocks
1264,1,nss,nss
1265,7,nssCryptoContext_FindCertificatesBySubject,nss Crypto Context Find Certificates By Subject
1266,4,nssPKIXAttribute_SetType,nss PKIXAttribute Set Type
1267,1,ntriangoli,ntriangoli
1268,1,ntv,ntv
1269,4,numOfRootChoreos,num Of Root Choreos
1270,3,numTargetTables,num Target Tables
1271,2,num_deaths,num deaths
1272,3,num_fixed_sizes,num fixed sizes
1273,2,num_syncword,num syncword
1274,3,o.f_stringarray,o f stringarray
1275,4,oDontFeedMe,o Dont Feed Me
1276,2,oWPUB,o WPUB
1277,1,objectcontact,objectcontact
1278,1,obproxyfound,obproxyfound
1279,2,og.header,og header
1280,2,ogg_iformat,ogg iformat
1281,3,oldMsgId,old Msg Id
1282,5,oldPosOnCurrentLine,old Pos On Current Line
1283,5,oldTrashNameUtf7,old Trash Name Utf 7
1284,8,oldportal.objectbuilder.document.cpp.editors.ClassMethodPanel,oldportal objectbuilder document cpp editors Class Method Panel
1285,1,omodes,omodes
1286,2,one_fn,one fn
1287,2,opArguments,op Arguments
1288,3,opLocalClock,op Local Clock
1289,3,opcode_function_new,opcode function new
1290,1,openb,openb
1291,3,openwfe.org.net,openwfe org net
1292,3,opt_BinaryDER,opt Binary DER
1293,4,ordre.forcePropulseurArriere,ordre force Propulseur Arriere
1294,1,oreq,oreq
1295,1,orfs,orfs
1296,3,org.amberarcher.os,org amberarcher os
1297,8,org.apache.poi.hssf.usermodel.TestCellStyle,org apache poi hssf usermodel Test Cell Style
1298,7,org.apache.slide.common.ServiceAccessException,org apache slide common Service Access Exception
1299,7,org.apache.tools.ant.taskdefs.condition.Http,org apache tools ant taskdefs condition Http
1300,7,org.apache.turbine.flux.modules.actions.group,org apache turbine flux modules actions group
1301,5,org.bouncycastle.asn1.DERBoolean,org bouncycastle asn 1 DERBoolean
1302,6,org.bouncycastle.crypto.engines.NullEngine,org bouncycastle crypto engines Null Engine
1303,8,org.bouncycastle.jce.cert.PKIXCertPathValidatorResult,org bouncycastle jce cert PKIXCert Path Validator Result
1304,7,org.centricware.storage.controller.guide.MenuController,org centricware storage controller guide Menu Controller
1305,7,org.columba.calendar.config.api.ICalendarList,org columba calendar config api ICalendar List
1306,5,org.dancres.blitz.remote.debug,org dancres blitz remote debug
1307,5,org.dellroad.jc.cgen.analysis,org dellroad jc cgen analysis
1308,5,org.eclipse.jdt.core.IParent,org eclipse jdt core IParent
1309,4,org.emulinker.kaillera.pico,org emulinker kaillera pico
1310,3,org.htmlencoder.factory,org htmlencoder factory
1311,4,org.hyperic.hq.auth,org hyperic hq auth
1312,5,org.imemex.componentmappings.content.fsreplica,org imemex componentmappings content fsreplica
1313,6,org.jamocha.gui.tab.FunctionsPanel,org jamocha gui tab Functions Panel
1314,9,org.jboss.virtual.plugins.vfs.helpers.SuffixesExcludeFilter,org jboss virtual plugins vfs helpers Suffixes Exclude Filter
1315,5,org.jfree.util.SortOrder,org jfree util Sort Order
1316,6,org.jruby.lexer.yacc.SourcePosition,org jruby lexer yacc Source Position
1317,7,org.jsecurity.context.factory.SecurityContextFactory,org jsecurity context factory Security Context Factory
1318,10,org.jvnet.jaxb.reflection.model.runtime.RuntimeTypeInfoSet,org jvnet jaxb reflection model runtime Runtime Type Info Set
1319,8,org.ksmsa.richDoc.bibliography.types.BibType,org ksmsa rich Doc bibliography types Bib Type
1320,12,org.mimosa.www.TechXMLV3_1.mim_5001_05.CharYN,org mimosa www Tech XMLV 3 1 mim 5001 05 Char YN
1321,5,org.opengroupware.jogi.connect.Connection,org opengroupware jogi connect Connection
1322,8,org.ourgrid.gridmachine.exception.UnableToExecuteException,org ourgrid gridmachine exception Unable To Execute Exception
1323,5,org.outerj.daisy.doctaskrunner.clientimpl,org outerj daisy doctaskrunner clientimpl
1324,10,org.pi4soa.designer.types.figures.SimpleTypeFigure,org pi 4 soa designer types figures Simple Type Figure
1325,7,org.pi4soa.service.DefaultIdentity,org pi 4 soa service Default Identity
1326,6,org.schmant.report.StdoutReportFactory,org schmant report Stdout Report Factory
1327,9,org.springframework.web.context.support.ServletContextResourceLoader,org springframework web context support Servlet Context Resource Loader
1328,5,org.touchupweb.system.UpdaterLauncher,org touchupweb system Updater Launcher
1329,5,org.umber.bellows.IDatumTransformer,org umber bellows IDatum Transformer
1330,5,org.xmlcrawler.iquery.QueryStructure,org xmlcrawler iquery Query Structure
1331,3,orgLineColor,org Line Color
1332,3,origArtOId,orig Art OId
1333,2,orig_to,orig to
1334,2,originalVartype,original Vartype
1335,5,os2.usWidthClass,os 2 us Width Class
1336,3,os_file_closedir,os file closedir
1337,4,osmsDvAlgorithmManager,osms Dv Algorithm Manager
1338,2,other_expr,other expr
1339,5,outBuf.mBuf_Fill,out Buf m Buf Fill
1340,4,outIfaceFuncImpl,out Iface Func Impl
1341,2,out_isatty,out isatty
1342,3,out_left_diff,out left diff
1343,1,outcur,outcur
1344,1,outpos,outpos
1345,2,outputOrgs,output Orgs
1346,2,ovalrect_node,ovalrect node
1347,3,p2absln,p 2 absln
1348,3,pIDispParent,p IDisp Parent
1349,4,pOdDescrProperty,p Od Descr Property
1350,3,p_cmdNumber,p cmd Number
1351,4,pac_io_krb_attrs,pac io krb attrs
1352,3,pango_coverage_new,pango coverage new
1353,4,paper_width_in_twips,paper width in twips
1354,3,param.res_length,param res length
1355,2,param.tmpdir,param tmpdir
1356,2,paramOrdinal,param Ordinal
1357,3,paramParseFile,param Parse File
1358,2,param_usage,param usage
1359,4,params.CalGrayProfile,params Cal Gray Profile
1360,2,params.def,params def
1361,3,parseDefLine,parse Def Line
1362,3,parseDocumentElement,parse Document Element
1363,5,parseIntArrayToString,parse Int Array To String
1364,3,partOutLen,part Out Len
1365,2,passoL,passo L
1366,2,passwordTemplate,password Template
1367,1,pcmret,pcmret
1368,1,pcr,pcr
1369,4,pdf14_mark_procs,pdf 14 mark procs
1370,5,pdf_font_descriptor_values_t,pdf font descriptor values t
1371,5,pharerouge.utils.InterruptableInputStream,pharerouge utils Interruptable Input Stream
1372,4,phex.xml.sax.DElement,phex xml sax DElement
1373,2,pixbufLock,pixbuf Lock
1374,2,pn_max,pn max
1375,8,pnlEsEcl_btnOutDir.setEnabled,pnl Es Ecl btn Out Dir set Enabled
1376,3,portTypeNamespace,port Type Namespace
1377,3,prFileNo,pr File No
1378,2,pr_previous,pr previous
1379,4,prec_sym_name.value,prec sym name value
1380,2,pred_ctime,pred ctime
1381,6,predict_16x16_dc_top,predict 16 x 16 dc top
1382,3,prefColorTree,pref Color Tree
1383,3,pref_saveArgs,pref save Args
1384,3,prefsData.verbose,prefs Data verbose
1385,2,presentationFacade,presentation Facade
1386,2,prevDescent,prev Descent
1387,3,prevGcpConnect,prev Gcp Connect
1388,2,prev_pos,prev pos
1389,2,previous_ch,previous ch
1390,2,primary_gid,primary gid
1391,4,printDROP_TRIG_CONF,print DROP TRIG CONF
1392,4,printPreBlockExpression,print Pre Block Expression
1393,3,print_ident_comments,print ident comments
1394,2,print_unexp,print unexp
1395,1,printdir,printdir
1396,3,process_nmb_request,process nmb request
1397,3,procnames_start_line,procnames start line
1398,2,productUPDATESQL,product UPDATESQL
1399,3,profDebutPlage,prof Debut Plage
1400,2,psFGList,ps FGList
1401,4,psf_get_filelen_fd,psf get filelen fd
1402,1,psname,psname
1403,2,pstoreDir,pstore Dir
1404,2,ptr_passwd,ptr passwd
1405,2,publicationUrl,publication Url
1406,4,pusWrappedKeyLen,pus Wrapped Key Len
1407,1,pwce,pwce
1408,3,q1_numfaces,q 1 numfaces
1409,4,qe.last_pos_said,qe last pos said
1410,5,qglMapGrid2f,qgl Map Grid 2 f
1411,3,qglTexGenfv,qgl Tex Genfv
1412,2,qpix_avg,qpix avg
1413,5,query_md_blob_data_req,query md blob data req
1414,2,questKill,quest Kill
1415,3,quicktime_edts_t,quicktime edts t
1416,3,quicktime_flush_vcodec,quicktime flush vcodec
1417,3,rCombo.bottom,r Combo bottom
1418,2,randHash,rand Hash
1419,3,randomNumberGen,random Number Gen
1420,1,rcchk_,rcchk
1421,3,rcverHostName,rcver Host Name
1422,5,readExecSrNewMbyte,read Exec Sr New Mbyte
1423,2,readVCM,read VCM
1424,2,reads_colormodel,reads colormodel
1425,2,realURI,real URI
1426,1,recordingfilename,recordingfilename
1427,3,recursiveNodeTraversal,recursive Node Traversal
1428,5,recv_max_parsed_page_no,recv max parsed page no
1429,2,redirectParent,redirect Parent
1430,2,redirectorType,redirector Type
1431,2,refHdr,ref Hdr
1432,3,refQueueInfo,ref Queue Info
1433,3,reflowReasonString,reflow Reason String
1434,3,refreshFavouritesList,refresh Favourites List
1435,4,reg.i_key_boost,reg i key boost
1436,4,reg_set_table_size,reg set table size
1437,2,register_agent,register agent
1438,2,regmove_time,regmove time
1439,1,reloadreg,reloadreg
1440,3,remote_playlist_delete,remote playlist delete
1441,6,removeBotsMenuInfo.up.width,remove Bots Menu Info up width
1442,2,resolution_opt,resolution opt
1443,2,ret_sub,ret sub
1444,1,retco,retco
1445,2,rev_increment,rev increment
1446,2,rgTop,rg Top
1447,2,rgb4,rgb 4
1448,5,rhs.mStartPageNum,rhs m Start Page Num
1449,2,rightFreedom,right Freedom
1450,2,rightPos,right Pos
1451,3,rl_editing_mode,rl editing mode
1452,1,roid,roid
1453,3,rowCopyLen,row Copy Len
1454,7,row_upd_rec_sys_fields_in_recovery,row upd rec sys fields in recovery
1455,1,rstrmbuf,rstrmbuf
1456,1,rtlname,rtlname
1457,4,run_eol_code_value,run eol code value
1458,2,runiqueId,runique Id
1459,2,rw_case,rw case
1460,3,s3mrtgspeed,s 3 mrtgspeed
1461,4,sBeginLineString,s Begin Line String
1462,3,sDB_COLUMN,s DB COLUMN
1463,5,sHTMLTagUnicodeName_img,s HTMLTag Unicode Name img
1464,4,sOS_DriveDirectory,s OS Drive Directory
1465,4,sUint16Val,s Uint 16 Val
1466,4,s_options.sound.style,s options sound style
1467,5,s_playersettings.banner.generic.y,s playersettings banner generic y
1468,5,s_signup.password.generic.type,s signup password generic type
1469,6,saga.inout.creation.CreationHandlerImpl,saga inout creation Creation Handler Impl
1470,1,sampfmt,sampfmt
1471,1,sampy,sampy
1472,1,sandcx,sandcx
1473,4,saveConfigActionPerformed,save Config Action Performed
1474,2,saveXTFRInfo,save XTFRInfo
1475,1,sball,sball
1476,6,scalar12_float32_3DNow,scalar 12 float 32 3 DNow
1477,3,scanKeyinfoFlag,scan Keyinfo Flag
1478,2,scanLocalref,scan Localref
1479,3,scattoAllaRisposta,scatto Alla Risposta
1480,3,sd.signatureAlgorithm,sd signature Algorithm
1481,13,searchInfo1.hFileInfo.ioFlFndrInfo.fdLocation.h,search Info 1 h File Info io Fl Fndr Info fd Location h
1482,3,sec_desc_size,sec desc size
1483,6,sec_pkcs12_destroy_certificate_list,sec pkcs 12 destroy certificate list
1484,4,secmodSlotDataStr,secmod Slot Data Str
1485,4,secrets_store_ldap_pw,secrets store ldap pw
1486,3,sect.sct_loyal,sect sct loyal
1487,2,sect_amt,sect amt
1488,3,sendNdbSttor,send Ndb Sttor
1489,1,servermajorversion,servermajorversion
1490,1,serverport,serverport
1491,3,serviceNameQName,service Name QName
1492,2,service_deregister,service deregister
1493,3,setActiveTarget,set Active Target
1494,3,setAffichageSide,set Affichage Side
1495,4,setAfficheDebFin,set Affiche Deb Fin
1496,3,setDisplayPicutre,set Display Picutre
1497,5,setDontBalanceTextColumns,set Dont Balance Text Columns
1498,2,setGCtrl,set GCtrl
1499,3,setImageResize,set Image Resize
1500,3,setInternalLoc,set Internal Loc
1501,4,setMemberFirstIP,set Member First IP
1502,3,setPaginableFind,set Paginable Find
1503,3,setRsrc_Name,set Rsrc Name
1504,4,setRunAttributesCB,set Run Attributes CB
1505,5,setTopLevelGroupCRID,set Top Level Group CRID
1506,4,setYAxisLabelsPos,set YAxis Labels Pos
1507,2,set_io,set io
1508,3,sfString.s,sf String s
1509,1,sfcadj,sfcadj
1510,1,sfsbhome,sfsbhome
1511,2,sha_inner,sha inner
1512,3,shared_memory_pos,shared memory pos
1513,3,ship.shp_y,ship shp y
1514,1,should,should
1515,7,si_DoDialogIfPrefIsOff,si Do Dialog If Pref Is Off
1516,3,sig_table_nelts,sig table nelts
1517,2,sincos_bf,sincos bf
1518,3,size2.cx,size 2 cx
1519,5,skel_sys_acl_get_perm,skel sys acl get perm
1520,2,skip_bottom,skip bottom
1521,4,slin_g723_ex,slin g 723 ex
1522,3,smbw_shared_fd,smbw shared fd
1523,6,smilehouse.opensyncro.pipes.component.DestinationIF,smilehouse opensyncro pipes component Destination IF
1524,4,sndCall.addr.maxlen,snd Call addr maxlen
1525,6,snd_ctl_elem_info_get_numid,snd ctl elem info get numid
1526,3,snd_interval_t,snd interval t
1527,7,snd_mixer_selem_set_capture_volume_range,snd mixer selem set capture volume range
1528,6,snd_pcm_route_ttable_entry_t,snd pcm route ttable entry t
1529,5,snd_seq_queue_timer_t,snd seq queue timer t
1530,1,snlimit,snlimit
1531,3,sock_info.remote,sock info remote
1532,4,spDocHostUIHandler,sp Doc Host UIHandler
1533,2,spawn_init,spawn init
1534,4,splitToIntArray,split To Int Array
1535,4,sqlOrderByClause,sql Order By Clause
1536,2,srcPix,src Pix
1537,3,ss.g_idx,ss g idx
1538,3,ssl_InitGather,ssl Init Gather
1539,3,ssl_socket_sendv,ssl socket sendv
1540,3,startPoint.y,start Point y
1541,3,startSimulationUpdate,start Simulation Update
1542,2,stgmedData,stgmed Data
1543,2,stockHeight,stock Height
1544,2,stopMbyte,stop Mbyte
1545,2,strIDError,str IDError
1546,2,strPoint,str Point
1547,3,str_AboutNMinutes,str About NMinutes
1548,3,stream_hc_state,stream hc state
1549,3,styleSheetFactory,style Sheet Factory
1550,2,svr.peer,svr peer
1551,3,swf_write_trailer,swf write trailer
1552,3,swingActions.LAF,swing Actions LAF
1553,2,swpOK,swp OK
1554,1,synced,synced
1555,4,sys_trust_routine_creators,sys trust routine creators
1556,3,tabSuperProfiles,tab Super Profiles
1557,2,tc_ett,tc ett
1558,2,tc_log,tc log
1559,3,tcl_LogGet,tcl Log Get
1560,3,tcp_print_conn,tcp print conn
1561,4,teardownReports.toArray,teardown Reports to Array
1562,3,tech_log_base,tech log base
1563,2,tensor_obounds,tensor obounds
1564,2,term_mm,term mm
1565,4,terraindata.headerinfo.MinimumAltitude,terraindata headerinfo Minimum Altitude
1566,7,testAverageDistancesOnFfiniteDiameterGraph,test Average Distances On Ffinite Diameter Graph
1567,9,testEnterJTableHeaderDragAndLeaveByPercentage,test Enter JTable Header Drag And Leave By Percentage
1568,5,testHeightOffsetWGS72,test Height Offset WGS 72
1569,3,testIsAnnotation,test Is Annotation
1570,6,testLoadClassesFromClasspathSorted,test Load Classes From Classpath Sorted
1571,4,testMetaDataDOM,test Meta Data DOM
1572,8,testRmiProxyFactoryBeanWithConnectIOException,test Rmi Proxy Factory Bean With Connect IOException
1573,2,testSJISEncoder,test SJISEncoder
1574,4,testSimple7b,test Simple 7 b
1575,3,testWriteFloat,test Write Float
1576,7,tests.basic.ResultSetTypesTests.suite,tests basic Result Set Types Tests suite
1577,1,textnode,textnode
1578,2,textoSuperior,texto Superior
1579,1,tfact,tfact
1580,2,tftpfolderField,tftpfolder Field
1581,2,tgeLocked,tge Locked
1582,2,tgseElementptr,tgse Elementptr
1583,4,that.global_block_size,that global block size
1584,7,theDeathDB.updateFidByPtid,the Death DB update Fid By Ptid
1585,2,theImpl,the Impl
1586,1,theend,theend
1587,1,theframed,theframed
1588,2,themepackLabel,themepack Label
1589,5,this.GL_ARB_point_parameters,this GL ARB point parameters
1590,3,this.allterms_hash,this allterms hash
1591,6,this.cbSize.setSelectedIndex,this cb Size set Selected Index
1592,3,this.checkboxArticle,this checkbox Article
1593,3,this.cmd_id,this cmd id
1594,4,this.docLangId,this doc Lang Id
1595,2,this.gcb,this gcb
1596,3,this.loginExisted,this login Existed
1597,6,this.maxNumberOfGameConnections,this max Number Of Game Connections
1598,3,this.metaTable,this meta Table
1599,5,this.referencedObjectTimestampMap,this referenced Object Timestamp Map
1600,6,this.txtPatientNumberFocusLost,this txt Patient Number Focus Lost
1601,2,this.wildcardexclude,this wildcardexclude
1602,3,tib_ptib2,tib ptib 2
1603,3,timSizeH,tim Size H
1604,1,timestarted,timestarted
1605,2,timezoneAddr,timezone Addr
1606,3,tmp.m_variant,tmp m variant
1607,4,tmpIIData.endIndex,tmp IIData end Index
1608,3,tmpLevelStep,tmp Level Step
1609,3,tmpQ.z,tmp Q z
1610,1,tmpchar,tmpchar
1611,1,tmpu,tmpu
1612,3,tnd.szTip,tnd sz Tip
1613,4,toAbortHandlingLab,to Abort Handling Lab
1614,2,todayFlexidate,today Flexidate
1615,3,toggleConditionalBreakpoint,toggle Conditional Breakpoint
1616,4,toggleMinPieceSpacing,toggle Min Piece Spacing
1617,5,tok_info.hardwareVersion.minor,tok info hardware Version minor
1618,2,tooltipEl,tooltip El
1619,4,tpltObj.getName,tplt Obj get Name
1620,2,tr_localaddr,tr localaddr
1621,2,track_num,track num
1622,7,transfer_RGB_FLOAT_to_YUV444P,transfer RGB FLOAT to YUV 444 P
1623,1,treservations,treservations
1624,1,trigname,trigname
1625,3,trlRelCon,trl Rel Con
1626,4,trx_undo_seg_create,trx undo seg create
1627,3,try_SetCought,try Set Cought
1628,2,tsscContainerptr,tssc Containerptr
1629,1,tstfillp,tstfillp
1630,1,ttx,ttx
1631,3,tupleOfTVars,tuple Of TVars
1632,2,tw.sphere,tw sphere
1633,1,twosided,twosided
1634,2,txMode,tx Mode
1635,2,txXSLTProcessor,tx XSLTProcessor
1636,2,txtMisc,txt Misc
1637,10,u.A_WhichIO.ut_in_out_put_t_1,u A Which IO ut in out put t 1
1638,3,uClientIP,u Client IP
1639,1,ubody,ubody
1640,3,uf_space_prespace,uf space prespace
1641,5,ui64TotFileSize,ui 64 Tot File Size
1642,2,uiThread,ui Thread
1643,4,ui_setOrientProc,ui set Orient Proc
1644,3,ui_teamName,ui team Name
1645,3,ulScreenY,ul Screen Y
1646,1,undirected,undirected
1647,2,unregisterBean,unregister Bean
1648,3,unsetFileName,unset File Name
1649,2,updatable_view,updatable view
1650,4,updateAllDiffBackgrounds,update All Diff Backgrounds
1651,2,usage_getdata,usage getdata
1652,2,use_aic,use aic
1653,1,usemap,usemap
1654,3,userClickText,user Click Text
1655,3,usr.isBot,usr is Bot
1656,2,usrResults,usr Results
1657,4,ut_stats_tag_t,ut stats tag t
1658,2,uval.dv,uval dv
1659,8,v4l2_parm.parm.capture.capturemode,v 4 l 2 parm parm capture capturemode
1660,2,va.persistent,va persistent
1661,2,validItem,valid Item
1662,4,validSValuesAndGenes,valid SValues And Genes
1663,3,value_top_sizeof,value top sizeof
1664,2,var_defend,var defend
1665,6,variables.max_length_for_sort_data,variables max length for sort data
1666,1,varid,varid
1667,3,vars_need_expansion,vars need expansion
1668,1,vdrad,vdrad
1669,2,vec_transpose,vec transpose
1670,1,versionend,versionend
1671,1,viewx,viewx
1672,2,vlp_job,vlp job
1673,1,vmprintfes,vmprintfes
1674,2,vmx.ssp,vmx ssp
1675,3,vpage_buffer_length,vpage buffer length
1676,2,vpix.x,vpix x
1677,1,vqgen,vqgen
1678,1,vstr,vstr
1679,5,vui.i_num_reorder_frames,vui i num reorder frames
1680,1,wcspbrk,wcspbrk
1681,1,wds,wds
1682,3,wf.cbSize,wf cb Size
1683,3,wfDetailString,wf Detail String
1684,3,widgets.fpfToggle,widgets fpf Toggle
1685,3,wins_srv_count,wins srv count
1686,3,wndUnderMouse,wnd Under Mouse
1687,4,worker.billing_last_name,worker billing last name
1688,1,wqueue,wqueue
1689,4,wrappedStmt.executeUpdate,wrapped Stmt execute Update
1690,2,writeCompartment,write Compartment
1691,3,writeCustomHTML,write Custom HTML
1692,1,wtype,wtype
1693,4,x264_cabac_t,x 264 cabac t
1694,4,xGetJobStaus,x Get Job Staus
1695,2,xcolor.flags,xcolor flags
1696,3,xgetColumnWidth,xget Column Width
1697,3,xpc_proto_proto,xpc proto proto
1698,2,xtVersion,xt Version
1699,1,xtest,xtest
1700,3,yyz_flex_debug,yyz flex debug
1701,2,~AggregateTransaction,Aggregate Transaction
1702,2,~CodeFragment,Code Fragment
1703,2,~RobotSink,Robot Sink
1704,4,~txSyncCompileObserver,tx Sync Compile Observer
